"Motif Name","Consensus","P-value","Log P-value","q-value (Benjamini)","# of Target Sequences with Motif(of 5206)","% of Target Sequences with Motif","# of Background Sequences with Motif(of 43143)","% of Background Sequences with Motif","FC","log FC","Significance(-logpvalXFC)","clusterId","finalGene"
"REST-NRSF(Zf)/Jurkat-NRSF-ChIP-Seq/Homer","GGMGCTGTCCATGGTGCTGA","1e-289","-6.657e+02","0.0000","253.0","4.86","60.4","0.14","34.7142857142857","1.54050823358406","445.206879505792","50","REST"
"TR4(NR) DR1/Hela-TR4-ChIP-Seq(GSE24685)/Homer","GAGGTCAAAGGTCA","1e-75","-1.736e+02","0.0000","295.0","5.66","684.5","1.57","3.60509554140127","0.556916778779038","41.7687584084278","22","NR2C2(NR)"
"EAR2(NR)/K562-NR2F6-ChIP-Seq(Encode)/Homer","NRBCARRGGTCA","1e-52","-1.199e+02","0.0000","1031.0","19.79","5381.0","12.32","1.60633116883117","0.20583508637799","10.7034244916555","61","NR2F6(NR)"
"COUP-TFII(NR)/Artia-Nr2f2-ChIP-Seq(GSE46497)/Homer","AGRGGTCA","1e-47","-1.097e+02","0.0000","1297.0","24.89","7385.8","16.91","1.47191011235955","0.167881289010851","7.89042058351002","60","NR2F2(NR)"
"COUP-TFII(NR)/K562-NR2F1-ChIP-Seq(Encode)/Homer","GKBCARAGGTCA","1e-45","-1.056e+02","0.0000","1096.0","21.04","6014.9","13.77","1.5279593318809","0.184111795224778","8.285030785115","60","NR2F2(NR)"
"KLF14(Zf)/HEK293-KLF14.GFP-ChIP-Seq(GSE58341)/Homer","RGKGGGCGKGGC","1e-42","-9.730e+01","0.0000","1292.0","24.80","7537.7","17.26","1.43684820393974","0.157410889447025","6.61125735677507","35","KLF14"
"CTCF(Zf)/CD4+-CTCF-ChIP-Seq(Barski_et_al.)/Homer","AYAGTGCCMYCTRGTGGCCA","1e-41","-9.567e+01","0.0000","240.0","4.61","731.6","1.68","2.74404761904762","0.438391643663785","17.9740573902152","83","CTCF"
"PPARa(NR) DR1/Liver-Ppara-ChIP-Seq(GSE47954)/Homer","VNAGGKCAAAGGTCA","1e-40","-9.263e+01","0.0000","785.0","15.07","4046.9","9.27","1.62567421790723","0.211033518170135","8.44134072680539","22","PPARA(NR)"
"HNF4a(NR) DR1/HepG2-HNF4a-ChIP-Seq(GSE25021)/Homer","CARRGKBCAAAGTYCA","1e-37","-8.572e+01","0.0000","384.0","7.37","1573.7","3.60","2.04722222222222","0.311164987091764","11.5131045223953","22","HNF4A(NR)"
"TEAD1(TEAD)/HepG2-TEAD1-ChIP-Seq(Encode)/Homer","CYRCATTCCA","1e-31","-7.285e+01","0.0000","564.0","10.83","2815.2","6.45","1.67906976744186","0.225068741990053","6.97713100169163","28","TEAD1"
"Maz(Zf)/HepG2-Maz-ChIP-Seq(GSE31477)/Homer","GGGGGGGG","1e-30","-7.047e+01","0.0000","984.0","18.89","5746.0","13.16","1.4354103343465","0.156976068643897","4.70928205931691","102","MAZ"
"TEAD3(TEA)/HepG2-TEAD3-ChIP-Seq(Encode)/Homer","TRCATTCCAG","1e-28","-6.549e+01","0.0000","619.0","11.88","3271.5","7.49","1.58611481975968","0.200334622945708","5.60936944247983","28","TEAD3"
"TEAD(TEA)/Fibroblast-PU.1-ChIP-Seq(Unpublished)/Homer","YCWGGAATGY","1e-27","-6.354e+01","0.0000","361.0","6.93","1622.7","3.72","1.86290322580645","0.270190294729909","7.29513795770755","27","TEAD2"
"PPARE(NR) DR1/3T3L1-Pparg-ChIP-Seq(GSE13511)/Homer","TGACCTTTGCCCCA","1e-26","-6.118e+01","0.0000","682.0","13.09","3761.3","8.61","1.52032520325203","0.181936495097101","4.73034887252463","22","PPARG(NR)"
"RXR(NR) DR1/3T3L1-RXR-ChIP-Seq(GSE13511)/Homer","TAGGGCAAAGGTCA","1e-26","-6.031e+01","0.0000","754.0","14.47","4276.1","9.79","1.47803881511747","0.1696858393159","4.41183182221339","22","RXRA(NR)"
"Sox2(HMG)/mES-Sox2-ChIP-Seq(GSE11431)/Homer","BCCATTGTTC","1e-25","-5.935e+01","0.0000","627.0","12.03","3409.4","7.81","1.54033290653009","0.187614593462544","4.69036483656361","74","SOX2"
"TEAD2(TEA)/Py2T-Tead2-ChIP-Seq(GSE55709)/Homer","CCWGGAATGY","1e-25","-5.910e+01","0.0000","327.0","6.28","1455.7","3.33","1.88588588588589","0.275515410230876","6.88788525577191","28","TEAD2"
"BORIS(Zf)/K562-CTCFL-ChIP-Seq(GSE32465)/Homer","CNNBRGCGCCCCCTGSTGGC","1e-23","-5.433e+01","0.0000","264.0","5.07","1118.6","2.56","1.98046875","0.296767994021486","6.82566386249418","83","CTCFL"
"Sox3(HMG)/NPC-Sox3-ChIP-Seq(GSE33059)/Homer","CCWTTGTY","1e-23","-5.393e+01","0.0000","1113.0","21.36","7000.6","16.03","1.3325015595758","0.124667726002374","2.8673576980546","74","SOX3"
"FOXK1(Forkhead)/HEK293-FOXK1-ChIP-Seq(GSE51673)/Homer","NVWTGTTTAC","1e-22","-5.135e+01","0.0000","829.0","15.91","4963.7","11.37","1.39929639401935","0.145909714958847","3.21001372909463","30","FOXK1"
"TEAD4(TEA)/Tropoblast-Tead4-ChIP-Seq(GSE37350)/Homer","CCWGGAATGY","1e-22","-5.112e+01","0.0000","505.0","9.69","2694.8","6.17","1.57050243111831","0.196038613017524","4.31284948638552","28","TEAD4"
"Usf2(bHLH)/C2C12-Usf2-ChIP-Seq(GSE36030)/Homer","GTCACGTGGT","1e-21","-5.041e+01","0.0000","278.0","5.34","1236.7","2.83","1.886925795053","0.275754821504266","5.79085125158959","99","USF2"
"Sox6(HMG)/Myotubes-Sox6-ChIP-Seq(GSE32627)/Homer","CCATTGTTNY","1e-21","-4.837e+01","0.0000","1005.0","19.29","6313.2","14.46","1.33402489626556","0.125163934685372","2.62844262839282","73","SOX6"
"Foxo3(Forkhead)/U2OS-Foxo3-ChIP-Seq(E-MTAB-2701)/Homer","DGTAAACA","1e-20","-4.623e+01","0.0000","649.0","12.46","3766.0","8.62","1.44547563805104","0.160010776498438","3.20021552996876","30","FOXO3"
"NFY(CCAAT)/Promoter/Homer","RGCCAATSRG","1e-19","-4.584e+01","0.0000","654.0","12.55","3808.4","8.72","1.43922018348624","0.15812724088449","3.0044175768053","166","NFYA"
"Sp5(Zf)/mES-Sp5.Flag-ChIP-Seq(GSE72989)/Homer","RGKGGGCGGAGC","1e-19","-4.532e+01","0.0000","743.0","14.26","4454.1","10.20","1.39803921568627","0.145519353753929","2.76486772132466","35","SP5"
"Sox10(HMG)/SciaticNerve-Sox3-ChIP-Seq(GSE35132)/Homer","CCWTTGTYYB","1e-19","-4.452e+01","0.0000","1040.0","19.96","6659.6","15.25","1.30885245901639","0.116890693268548","2.22092317210241","74","SOX10"
"X-box(HTH)/NPC-H3K4me1-ChIP-Seq(GSE16256)/Homer","GGTTGCCATGGCAA","1e-18","-4.196e+01","0.0000","128.0","2.46","440.5","1.01","2.43564356435644","0.386613733320737","6.95904719977326","32","RFX2"
"Foxo1(Forkhead)/RAW-Foxo1-ChIP-Seq(Fan_et_al.)/Homer","CTGTTTAC","1e-18","-4.182e+01","0.0000","1354.0","25.99","9122.5","20.89","1.24413595021541","0.0948678395207039","1.70762111137267","94","FOXO1"
"Rfx2(HTH)/LoVo-RFX2-ChIP-Seq(GSE49402)/Homer","GTTGCCATGGCAACM","1e-16","-3.879e+01","0.0000","138.0","2.65","513.9","1.18","2.24576271186441","0.351363866630682","5.62182186609092","33","RFX2"
"Sp2(Zf)/HEK293-Sp2.eGFP-ChIP-Seq(Encode)/Homer","YGGCCCCGCCCC","1e-16","-3.816e+01","0.0000","913.0","17.52","5854.5","13.41","1.30648769574944","0.116105323980463","1.85768518368741","35","SP2"
"Sox15(HMG)/CPA-Sox15-ChIP-Seq(GSE62909)/Homer","RAACAATGGN","1e-15","-3.680e+01","0.0000","650.0","12.48","3946.6","9.04","1.38053097345133","0.140046154871042","2.10069232306563","74","SOX15"
"Nur77(NR)/K562-NR4A1-ChIP-Seq(GSE31363)/Homer","TGACCTTTNCNT","1e-15","-3.610e+01","0.0000","203.0","3.90","912.6","2.09","1.86602870813397","0.270918320915445","4.06377481373168","69","NR4A1(NR)"
"Sox17(HMG)/Endoderm-Sox17-ChIP-Seq(GSE61475)/Homer","CCATTGTTYB","1e-15","-3.609e+01","0.0000","435.0","8.35","2436.7","5.58","1.49641577060932","0.175052276546023","2.62578414819035","73","SOX17"
"Foxa2(Forkhead)/Liver-Foxa2-ChIP-Seq(GSE25694)/Homer","CYTGTTTACWYW","1e-15","-3.541e+01","0.0000","568.0","10.90","3383.9","7.75","1.40645161290323","0.148124795434313","2.2218719315147","30","FOXA2"
"FOXK2(Forkhead)/U2OS-FOXK2-ChIP-Seq(E-MTAB-2204)/Homer","SCHTGTTTACAT","1e-15","-3.474e+01","0.0000","534.0","10.25","3153.8","7.22","1.4196675900277","0.152186667822134","2.28280001733201","30","FOXK2"
"Rfx1(HTH)/NPC-H3K4me1-ChIP-Seq(GSE16256)/Homer","KGTTGCCATGGCAA","1e-14","-3.257e+01","0.0000","179.0","3.44","800.0","1.83","1.87978142076503","0.274107352841101","3.83750293977541","34","RFX1"
"RFX(HTH)/K562-RFX3-ChIP-Seq(SRA012198)/Homer","CGGTTGCCATGGCAAC","1e-14","-3.253e+01","0.0000","126.0","2.42","490.0","1.12","2.16071428571429","0.33459734331025","4.68436280634349","34","RFX3"
"Egr1(Zf)/K562-Egr1-ChIP-Seq(GSE32465)/Homer","TGCGTGGGYG","1e-13","-3.201e+01","0.0000","564.0","10.83","3420.3","7.83","1.38314176245211","0.140866694567377","1.8312670293759","19","EGR1"
"Sox4(HMG)/proB-Sox4-ChIP-Seq(GSE50066)/Homer","YCTTTGTTCC","1e-13","-3.179e+01","0.0000","571.0","10.96","3475.9","7.96","1.37688442211055","0.138897486410681","1.80566732333886","74","SOX4"
"PBX2(Homeobox)/K562-PBX2-ChIP-Seq(Encode)/Homer","RTGATTKATRGN","1e-13","-3.157e+01","0.0000","560.0","10.75","3400.5","7.79","1.37997432605905","0.13987100657906","1.81832308552778","10","PBX2"
"MITF(bHLH)/MastCells-MITF-ChIP-Seq(GSE48085)/Homer","RTCATGTGAC","1e-13","-3.135e+01","0.0000","584.0","11.21","3578.4","8.19","1.36874236874237","0.136321710834555","1.77218224084921","139","MITF"
"NFIL3(bZIP)/HepG2-NFIL3-ChIP-Seq(Encode)/Homer","VTTACGTAAYNNNNN","1e-13","-3.118e+01","0.0000","417.0","8.00","2391.8","5.48","1.45985401459854","0.164309428507574","2.13602257059847","127","NFIL3"
"WT1(Zf)/Kidney-WT1-ChIP-Seq(GSE90016)/Homer","MCTCCCMCRCAB","1e-13","-3.116e+01","0.0000","529.0","10.15","3185.6","7.29","1.3923182441701","0.143738513931257","1.86860068110634","19","WT1"
"HOXA1(Homeobox)/mES-Hoxa1-ChIP-Seq(SRP084292)/Homer","TGATKGATGR","1e-13","-3.074e+01","0.0000","239.0","4.59","1195.1","2.74","1.67518248175182","0.224062122716873","2.91280759531935","10","HOXA1"
"FOXA1(Forkhead)/LNCAP-FOXA1-ChIP-Seq(GSE27824)/Homer","WAAGTAAACA","1e-13","-3.052e+01","0.0000","706.0","13.55","4491.8","10.29","1.31681243926142","0.119523920447992","1.55381096582389","30","FOXA1"
"TFE3(bHLH)/MEF-TFE3-ChIP-Seq(GSE75757)/Homer","GTCACGTGACYV","1e-13","-3.046e+01","0.0000","105.0","2.02","387.6","0.89","2.26966292134831","0.355961362801711","4.62749771642224","13","TFE3"
"FOXP1(Forkhead)/H9-FOXP1-ChIP-Seq(GSE31006)/Homer","NYYTGTTTACHN","1e-13","-3.037e+01","0.0000","405.0","7.77","2322.0","5.32","1.46052631578947","0.164509386505866","2.13862202457626","30","FOXP1"
"KLF10(Zf)/HEK293-KLF10.GFP-ChIP-Seq(GSE58341)/Homer","GGGGGTGTGTCC","1e-13","-3.006e+01","0.0000","881.0","16.91","5814.2","13.31","1.27047332832457","0.103965552123067","1.35155217759987","70","KLF10"
"Foxf1(Forkhead)/Lung-Foxf1-ChIP-Seq(GSE77951)/Homer","WWATRTAAACAN","1e-12","-2.957e+01","0.0000","630.0","12.09","3952.9","9.05","1.33591160220994","0.125777721655569","1.50933265986682","30","FOXF1"
"Six1(Homeobox)/Myoblast-Six1-ChIP-Chip(GSE20150)/Homer","GKVTCADRTTWC","1e-12","-2.900e+01","0.0000","181.0","3.47","846.2","1.94","1.78865979381443","0.252527744860648","3.03033293832777","65","SIX1"
"FoxL2(Forkhead)/Ovary-FoxL2-ChIP-Seq(GSE60858)/Homer","WWTRTAAACAVG","1e-12","-2.847e+01","0.0000","574.0","11.02","3566.9","8.17","1.34883720930233","0.129959537983351","1.55951445580021","30","FOXL2"
"THRb(NR)/Liver-NR1A2-ChIP-Seq(GSE52613)/Homer","TRAGGTCA","1e-12","-2.798e+01","0.0000","2259.0","43.36","16831.9","38.54","1.12506486766995","0.0511775632108963","0.614130758530756","61","THRB(NR)"
"Lhx3(Homeobox)/Neuron-Lhx3-ChIP-Seq(GSE31456)/Homer","ADBTAATTAR","1e-11","-2.761e+01","0.0000","943.0","18.10","6354.7","14.55","1.24398625429553","0.0948155815472584","1.04297139701984","43","LHX3"
"USF1(bHLH)/GM12878-Usf1-ChIP-Seq(GSE32465)/Homer","SGTCACGTGR","1e-11","-2.635e+01","0.0000","344.0","6.60","1964.5","4.50","1.46666666666667","0.166331421766525","1.82964563943177","13","USF1"
"Bach2(bZIP)/OCILy7-Bach2-ChIP-Seq(GSE44420)/Homer","TGCTGAGTCA","1e-10","-2.525e+01","0.0000","152.0","2.92","704.8","1.61","1.81366459627329","0.258556975416569","2.58556975416569","17","BACH2"
"BMAL1(bHLH)/Liver-Bmal1-ChIP-Seq(GSE39860)/Homer","GNCACGTG","1e-10","-2.471e+01","0.0000","1248.0","23.95","8816.5","20.19","1.18623080733036","0.0741691988069427","0.741691988069427","13","ARNTL"
"FOXM1(Forkhead)/MCF7-FOXM1-ChIP-Seq(GSE72977)/Homer","TRTTTACTTW","1e-10","-2.463e+01","0.0000","576.0","11.06","3668.5","8.40","1.31666666666667","0.119475840906798","1.19475840906798","30","FOXM1"
"FOXA1(Forkhead)/MCF7-FOXA1-ChIP-Seq(GSE26831)/Homer","WAAGTAAACA","1e-10","-2.405e+01","0.0000","558.0","10.71","3549.9","8.13","1.31734317343173","0.119698925237787","1.19698925237787","30","FOXA1"
"LXH9(Homeobox)/Hct116-LXH9.V5-ChIP-Seq(GSE116822)/Homer","NGCTAATTAG","1e-10","-2.368e+01","0.0000","784.0","15.05","5254.2","12.03","1.25103906899418","0.0972708725900174","0.972708725900174","44","LXH9"
"Hoxb4(Homeobox)/ES-Hoxb4-ChIP-Seq(GSE34014)/Homer","TGATTRATGGCY","1e-10","-2.341e+01","0.0000","177.0","3.40","882.9","2.02","1.68316831683168","0.226127547595631","2.26127547595631","10","HOXB4"
"Pdx1(Homeobox)/Islet-Pdx1-ChIP-Seq(SRA008281)/Homer","YCATYAATCA","1e-9","-2.284e+01","0.0000","597.0","11.46","3868.3","8.86","1.29345372460497","0.11175089574432","1.00575806169888","10","PDX1"
"FoxD3(forkhead)/ZebrafishEmbryo-Foxd3.biotin-ChIP-seq(GSE106676)/Homer","TGTTTAYTTAGC","1e-9","-2.233e+01","0.0000","549.0","10.54","3524.4","8.07","1.30607187112763","0.115967076154457","1.04370368539012","30","FOXD3"
"NPAS(bHLH)/Liver-NPAS-ChIP-Seq(GSE39860)/Homer","NVCACGTG","1e-9","-2.201e+01","0.0000","1127.0","21.63","7961.9","18.23","1.1865057597367","0.0742698507841151","0.668428657057036","13","NPAS2"
"BATF(bZIP)/Th17-BATF-ChIP-Seq(GSE39756)/Homer","DATGASTCAT","1e-9","-2.185e+01","0.0000","366.0","7.02","2201.8","5.04","1.39285714285714","0.14390657568428","1.29515918115852","17","BATF"
"Lhx2(Homeobox)/HFSC-Lhx2-ChIP-Seq(GSE48068)/Homer","TAATTAGN","1e-9","-2.162e+01","0.0000","545.0","10.46","3512.9","8.04","1.30099502487562","0.114275635782804","1.02848072204524","44","LHX2"
"Jun-AP1(bZIP)/K562-cJun-ChIP-Seq(GSE31477)/Homer","GATGASTCATCN","1e-9","-2.154e+01","0.0000","163.0","3.13","814.1","1.86","1.68279569892473","0.226031393328532","2.03428253995679","17","JUN"
"NF-E2(bZIP)/K562-NFE2-ChIP-Seq(GSE31477)/Homer","GATGACTCAGCA","1e-9","-2.121e+01","0.0000","59.0","1.13","198.9","0.46","2.45652173913043","0.390320611801846","3.51288550621661","17","NFE2"
"Hoxc9(Homeobox)/Ainv15-Hoxc9-ChIP-Seq(GSE21812)/Homer","GGCCATAAATCA","1e-9","-2.083e+01","0.0000","307.0","5.89","1802.1","4.13","1.42615012106538","0.154165243130701","1.38748718817631","10","HOXC9"
"Hoxd11(Homeobox)/ChickenMSG-Hoxd11.Flag-ChIP-Seq(GSE86088)/Homer","VGCCATAAAA","1e-9","-2.081e+01","0.0000","1346.0","25.83","9738.2","22.30","1.15829596412556","0.0638195431251564","0.574375888126408","31","HOXD11"
"Rfx5(HTH)/GM12878-Rfx5-ChIP-Seq(GSE31477)/Homer","SCCTAGCAACAG","1e-9","-2.073e+01","0.0000","208.0","3.99","1121.3","2.57","1.55252918287938","0.191039772355454","1.71935795119908","46","RFX5"
"KLF5(Zf)/LoVo-KLF5-ChIP-Seq(GSE49402)/Homer","DGGGYGKGGC","1e-8","-2.048e+01","0.0000","770.0","14.78","5243.3","12.01","1.23064113238968","0.0901314266559009","0.721051413247207","34","KLF5"
"Tgif1(Homeobox)/mES-Tgif1-ChIP-Seq(GSE55404)/Homer","YTGWCADY","1e-8","-1.913e+01","0.0000","2010.0","38.58","15179.6","34.76","1.10989643268124","0.0452824555312369","0.362259644249895","94","TGIF1"
"Zfp281(Zf)/ES-Zfp281-ChIP-Seq(GSE81042)/Homer","CCCCTCCCCCAC","1e-8","-1.888e+01","0.0000","134.0","2.57","659.9","1.51","1.70198675496689","0.230956176038125","1.847649408305","156","ZFP281"
"Atf3(bZIP)/GBM-ATF3-ChIP-Seq(GSE33912)/Homer","DATGASTCATHN","1e-8","-1.877e+01","0.0000","370.0","7.10","2294.9","5.25","1.35238095238095","0.131099045313118","1.04879236250495","17","ATF3"
"Erra(NR)/HepG2-Erra-ChIP-Seq(GSE31477)/Homer","CAAAGGTCAG","1e-8","-1.866e+01","0.0000","1214.0","23.30","8776.7","20.10","1.1592039800995","0.0641598636055301","0.513278908844241","170","ESRRA(NR)"
"Sox9(HMG)/Limb-SOX9-ChIP-Seq(GSE73225)/Homer","AGGVNCCTTTGT","1e-7","-1.826e+01","0.0000","467.0","8.96","3018.4","6.91","1.29667149059334","0.112829962287927","0.789809736015487","102","SOX9"
"Klf9(Zf)/GBM-Klf9-ChIP-Seq(GSE62211)/Homer","GCCACRCCCACY","1e-7","-1.793e+01","0.0000","271.0","5.20","1602.5","3.67","1.41689373297003","0.15133727938271","1.05936095567897","35","KLF9"
"HOXB13(Homeobox)/ProstateTumor-HOXB13-ChIP-Seq(GSE56288)/Homer","TTTTATKRGG","1e-7","-1.773e+01","0.0000","591.0","11.34","3963.4","9.08","1.2488986784141","0.0965272060358027","0.675690442250619","32","HOXB13"
"CLOCK(bHLH)/Liver-Clock-ChIP-Seq(GSE39860)/Homer","GHCACGTG","1e-7","-1.743e+01","0.0000","414.0","7.95","2647.4","6.06","1.31188118811881","0.117894504490184","0.825261531431289","13","CLOCK"
"PAX5(Paired Homeobox) condensed/GM12878-PAX5-ChIP-Seq(GSE32465)/Homer","GTCACGCTCSCTGM","1e-7","-1.710e+01","0.0000","89.0","1.71","397.8","0.91","1.87912087912088","0.27395471807106","1.91768302649742","32","PAX5"
"HLF(bZIP)/HSC-HLF.Flag-ChIP-Seq(GSE69817)/Homer","RTTATGYAAB","1e-7","-1.693e+01","0.0000","408.0","7.83","2615.9","5.99","1.30717863105175","0.116334939668632","0.814344577680424","128","HLF"
"KLF6(Zf)/PDAC-KLF6-ChIP-Seq(GSE64557)/Homer","MKGGGYGTGGCC","1e-7","-1.652e+01","0.0000","585.0","11.23","3954.6","9.06","1.23951434878587","0.0932515585846447","0.652760910092513","35","KLF6"
"ERRg(NR)/Kidney-ESRRG-ChIP-Seq(GSE104905)/Homer","GTGACCTTGRVN","1e-7","-1.644e+01","0.0000","543.0","10.42","3638.5","8.33","1.25090036014406","0.0972227175567181","0.680559022897026","155","ERRG(NR)"
"Fra1(bZIP)/BT549-Fra1-ChIP-Seq(GSE46166)/Homer","NNATGASTCATH","1e-7","-1.641e+01","0.0000","309.0","5.93","1904.9","4.36","1.36009174311927","0.133568204095676","0.934977428669735","17","FOSL1"
"E-box(bHLH)/Promoter/Homer","SSGGTCACGTGA","1e-7","-1.634e+01","0.0000","87.0","1.67","392.3","0.90","1.85555555555556","0.268473961708258","1.87931773195781","13","EBOX_promoter"
"Meis1(Homeobox)/MastCells-Meis1-ChIP-Seq(GSE48085)/Homer","VGCTGWCAVB","1e-7","-1.627e+01","0.0000","1208.0","23.19","8830.7","20.22","1.14688427299703","0.0595195973830051","0.416637181681036","174","MEIS1"
"Srebp2(bHLH)/HepG2-Srebp2-ChIP-Seq(GSE31477)/Homer","CGGTCACSCCAC","1e-7","-1.622e+01","0.0000","94.0","1.80","436.9","1.00","1.8","0.255272505103306","1.78690753572314","68","SREBF2"
"Fox:Ebox(Forkhead bHLH)/Panc1-Foxa2-ChIP-Seq(GSE47459)/Homer","NNNVCTGWGYAAACASN","1e-7","-1.615e+01","0.0000","599.0","11.50","4072.1","9.32","1.23390557939914","0.0912819279996303","0.638973495997412","30","FOXA2"
"Six4(Homeobox)/MCF7-SIX4-ChIP-Seq(Encode)/Homer","TGWAAYCTGABACCB","1e-7","-1.615e+01","0.0000","50.0","0.96","180.5","0.41","2.34146341463415","0.369487376319833","2.58641163423883","64","SIX4"
"RARa(NR)/K562-RARa-ChIP-Seq(Encode)/Homer","TTGAMCTTTG","1e-6","-1.609e+01","0.0000","1549.0","29.73","11576.5","26.51","1.12146359864202","0.0497851814718443","0.298711088831066","160","RARA(NR)"
"Six2(Homeobox)/NephronProgenitor-Six2-ChIP-Seq(GSE39837)/Homer","GWAAYHTGAKMC","1e-6","-1.581e+01","0.0000","526.0","10.10","3528.2","8.08","1.25","0.0969100130080564","0.581460078048338","63","SIX2"
"ZNF467(Zf)/HEK293-ZNF467.GFP-ChIP-Seq(GSE58341)/Homer","TGGGGAAGGGCM","1e-6","-1.546e+01","0.0000","464.0","8.91","3071.7","7.03","1.2674253200569","0.102922379017051","0.617534274102305","139","ZNF467"
"AP-1(bZIP)/ThioMac-PU.1-ChIP-Seq(GSE21512)/Homer","VTGACTCATC","1e-6","-1.539e+01","0.0000","418.0","8.02","2729.5","6.25","1.2832","0.108294350940088","0.649766105640529","17","FOS"
"Nrf2(bZIP)/Lymphoblast-Nrf2-ChIP-Seq(GSE37589)/Homer","HTGCTGAGTCAT","1e-6","-1.529e+01","0.0000","43.0","0.83","148.8","0.34","2.44117647058824","0.387599175333819","2.32559505200291","17","NFE2L2"
"Nanog(Homeobox)/mES-Nanog-ChIP-Seq(GSE11724)/Homer","RGCCATTAAC","1e-6","-1.513e+01","0.0000","2425.0","46.55","18816.7","43.09","1.08029705268044","0.0335431912289936","0.201259147373961","32","NANOG"
"Fosl2(bZIP)/3T3L1-Fosl2-ChIP-Seq(GSE56872)/Homer","NATGASTCABNN","1e-6","-1.512e+01","0.0000","210.0","4.03","1225.3","2.81","1.43416370106762","0.15659872623603","0.939592357416177","17","FOSL2"
"HOXA2(Homeobox)/mES-Hoxa2-ChIP-Seq(Donaldson_et_al.)/Homer","GYCATCMATCAT","1e-6","-1.448e+01","0.0000","99.0","1.90","486.9","1.11","1.71171171171171","0.233430622166171","1.40058373299703","10","HOXA2"
"Hoxa11(Homeobox)/ChickenMSG-Hoxa11.Flag-ChIP-Seq(GSE86088)/Homer","TTTTATGGCM","1e-6","-1.422e+01","0.0000","1280.0","24.57","9501.6","21.76","1.12913602941176","0.0527462654539386","0.316477592723632","32","HOXA11"
"Fra2(bZIP)/Striatum-Fra2-ChIP-Seq(GSE43429)/Homer","GGATGACTCATC","1e-6","-1.421e+01","0.0000","285.0","5.47","1779.6","4.08","1.3406862745098","0.127327163243551","0.763962979461305","17","FOSL2"
"CEBP(bZIP)/ThioMac-CEBPb-ChIP-Seq(GSE21512)/Homer","ATTGCGCAAC","1e-6","-1.416e+01","0.0000","335.0","6.43","2146.1","4.91","1.30957230142566","0.117129480801254","0.702776884807521","165","CEBPB"
"Tgif2(Homeobox)/mES-Tgif2-ChIP-Seq(GSE55404)/Homer","TGTCANYT","1e-6","-1.411e+01","0.0000","2078.0","39.88","16003.9","36.65","1.0881309686221","0.0366811706624714","0.220087023974828","94","TGIF2"
"CDX4(Homeobox)/ZebrafishEmbryos-Cdx4.Myc-ChIP-Seq(GSE48254)/Homer","NGYCATAAAWCH","1e-5","-1.380e+01","0.0000","502.0","9.64","3409.0","7.81","1.23431498079385","0.0914260000255304","0.457130000127652","32","CDX4"
"KLF3(Zf)/MEF-Klf3-ChIP-Seq(GSE44748)/Homer","NRGCCCCRCCCHBNN","1e-5","-1.364e+01","0.0000","285.0","5.47","1792.5","4.10","1.33414634146341","0.125203469613695","0.626017348068477","35","KLF3"
"LEF1(HMG)/H1-LEF1-ChIP-Seq(GSE64758)/Homer","CCTTTGATST","1e-5","-1.362e+01","0.0000","387.0","7.43","2546.9","5.83","1.27444253859348","0.105320259001561","0.526601295007806","92","LEF1"
"JunB(bZIP)/DendriticCells-Junb-ChIP-Seq(GSE36099)/Homer","RATGASTCAT","1e-5","-1.361e+01","0.0000","311.0","5.97","1983.9","4.54","1.31497797356828","0.118918478272265","0.594592391361326","17","JunB"
"Nkx6.1(Homeobox)/Islet-Nkx6.1-ChIP-Seq(GSE40975)/Homer","GKTAATGR","1e-5","-1.333e+01","0.0000","1369.0","26.28","10262.5","23.50","1.11829787234043","0.0485574986160069","0.242787493080034","9","NKX6-1"
"Arnt:Ahr(bHLH)/MCF7-Arnt-ChIP-Seq(Lo_et_al.)/Homer","TBGCACGCAA","1e-5","-1.330e+01","0.0000","578.0","11.09","4006.3","9.17","1.20937840785169","0.082562210479139","0.412811052395695","77","ARNT(HIF1B)"
"Tcf7(HMG)/GM12878-TCF7-ChIP-Seq(Encode)/Homer","CTTTGATGTGSB","1e-5","-1.313e+01","0.0000","227.0","4.36","1384.4","3.17","1.37539432176656","0.138427227050835","0.692136135254173","93","TCF7"
"Foxa3(Forkhead)/Liver-Foxa3-ChIP-Seq(GSE77670)/Homer","BSNTGTTTACWYWGN","1e-5","-1.313e+01","0.0000","213.0","4.09","1284.5","2.94","1.39115646258503","0.143375977595184","0.716879887975922","29","FOXA3"
"RORg(NR)/Liver-Rorc-ChIP-Seq(GSE101115)/Homer","WAABTAGGTCAV","1e-5","-1.303e+01","0.0000","72.0","1.38","332.9","0.76","1.81578947368421","0.259065494120445","1.29532747060223","4","RORG(NR)"
"ZNF7(Zf)/HepG2-ZNF7.Flag-ChIP-Seq(Encode)/Homer","CTGCCWVCTTTTRTA","1e-5","-1.302e+01","0.0000","286.0","5.49","1814.8","4.16","1.31971153846154","0.120479013823349","0.602395069116746","16","ZNF7"
"PAX3:FKHR-fusion(Paired Homeobox)/Rh4-PAX3:FKHR-ChIP-Seq(GSE19063)/Homer","ACCRTGACTAATTNN","1e-5","-1.228e+01","0.0000","117.0","2.25","632.7","1.45","1.55172413793103","0.190814515876388","0.954072579381938","49","PAX3_FKHR_fusion"
"Tbx20(T-box)/Heart-Tbx20-ChIP-Seq(GSE29636)/Homer","GGTGYTGACAGS","1e-5","-1.228e+01","0.0000","196.0","3.76","1180.9","2.70","1.39259259259259","0.143824080768674","0.719120403843368","106","TBX20"
"RORgt(NR)/EL4-RORgt.Flag-ChIP-Seq(GSE56019)/Homer","AAYTAGGTCA","1e-5","-1.207e+01","0.0000","89.0","1.71","450.6","1.03","1.66019417475728","0.220158885686982","1.10079442843491","4","RORC(NR)"
"RORgt(NR)/EL4-RORgt.Flag-ChIP-Seq(GSE56019)/Homer","AAYTAGGTCA","1e-5","-1.207e+01","0.0000","89.0","1.71","450.6","1.03","1.66019417475728","0.220158885686982","1.10079442843491","4","RORC(NR)"
"MNT(bHLH)/HepG2-MNT-ChIP-Seq(Encode)/Homer","DGCACACGTG","1e-5","-1.192e+01","0.0000","649.0","12.46","4607.2","10.55","1.18104265402844","0.0722655826894393","0.361327913447197","144","MNT"
"Zic(Zf)/Cerebellum-ZIC1.2-ChIP-Seq(GSE60731)/Homer","CCTGCTGAGH","1e-5","-1.189e+01","0.0000","571.0","10.96","4003.8","9.17","1.19520174482007","0.0774412184783293","0.387206092391647","12","ZIC1"
"FXR(NR) IR1/Liver-FXR-ChIP-Seq(Chong_et_al.)/Homer","AGGTCANTGACCTB","1e-5","-1.173e+01","0.0000","195.0","3.74","1184.1","2.71","1.38007380073801","0.139902311326074","0.699511556630372","74","NR1H4(NR)"
"PU.1-IRF(ETS:IRF)/Bcell-PU.1-ChIP-Seq(GSE21512)/Homer","MGGAAGTGAAAC","1e-5","-1.152e+01","0.0000","603.0","11.57","4265.1","9.77","1.1842374616172","0.0734387952329765","0.367193976164882","53","SPI1"
"Max(bHLH)/K562-Max-ChIP-Seq(GSE31477)/Homer","RCCACGTGGYYN","1e-4","-1.149e+01","0.0000","404.0","7.75","2737.0","6.27","1.23604465709729","0.0920341616755939","0.368136646702375","13","MAX"
"Atf7(bZIP)/3T3L1-Atf7-ChIP-Seq(GSE56872)/Homer","NGRTGACGTCAY","1e-4","-1.126e+01","0.0000","361.0","6.93","2419.1","5.54","1.25090252707581","0.097223469883377","0.388893879533508","98","ATF7"
"Reverb(NR) DR2/RAW-Reverba.biotin-ChIP-Seq(GSE45914)/Homer","GTRGGTCASTGGGTCA","1e-4","-1.116e+01","0.0000","90.0","1.73","468.9","1.07","1.61682242990654","0.208662325443586","0.834649301774343","140","NR1D1(NR)"
"PAX5(Paired Homeobox)/GM12878-PAX5-ChIP-Seq(GSE32465)/Homer","GCAGCCAAGCRTGACH","1e-4","-1.114e+01","0.0001","234.0","4.49","1479.0","3.39","1.32448377581121","0.122046642800241","0.488186571200964","6","PAX5"
"RAR:RXR(NR) DR5/ES-RAR-ChIP-Seq(GSE56893)/Homer","RGGTCADNNAGAGGTCAV","1e-4","-1.112e+01","0.0001","38.0","0.73","147.9","0.34","2.14705882352941","0.331843943078201","1.3273757723128","160","RAR_RXR(NR)"
"c-Jun-CRE(bZIP)/K562-cJun-ChIP-Seq(GSE31477)/Homer","ATGACGTCATCY","1e-4","-1.109e+01","0.0001","234.0","4.49","1480.2","3.39","1.32448377581121","0.122046642800241","0.488186571200964","96","JUN"
"Srebp1a(bHLH)/HepG2-Srebp1a-ChIP-Seq(GSE31477)/Homer","RTCACSCCAY","1e-4","-1.078e+01","0.0001","132.0","2.53","758.9","1.74","1.45402298850575","0.162571272893218","0.650285091572873","67","SREBF1"
"NFE2L2(bZIP)/HepG2-NFE2L2-ChIP-Seq(Encode)/Homer","AWWWTGCTGAGTCAT","1e-4","-1.069e+01","0.0001","38.0","0.73","150.0","0.34","2.14705882352941","0.331843943078201","1.3273757723128","17","NFE2L2"
"Hoxd13(Homeobox)/ChickenMSG-Hoxd13.Flag-ChIP-Seq(GSE86088)/Homer","NCYAATAAAA","1e-4","-1.065e+01","0.0001","799.0","15.34","5840.5","13.37","1.14734480179506","0.0596939523509778","0.238775809403911","32","HOXD13"
"Hoxa9(Homeobox)/ChickenMSG-Hoxa9.Flag-ChIP-Seq(GSE86088)/Homer","RGCAATNAAA","1e-4","-1.059e+01","0.0001","1438.0","27.60","10976.0","25.13","1.09828889773179","0.0407165934726418","0.162866373890567","32","HOXA9"
"LXRE(NR) DR4/RAW-LXRb.biotin-ChIP-Seq(GSE21512)/Homer","RGGTTACTANAGGTCA","1e-4","-1.055e+01","0.0001","38.0","0.73","151.7","0.35","2.08571428571429","0.31925481577018","1.27701926308072","83","NR1H2(NR)"
"Cdx2(Homeobox)/mES-Cdx2-ChIP-Seq(GSE14586)/Homer","GYMATAAAAH","1e-4","-1.035e+01","0.0001","341.0","6.55","2296.6","5.26","1.24524714828897","0.095255555838044","0.381022223352176","103","CDX2"
"ZNF669(Zf)/HEK293-ZNF669.GFP-ChIP-Seq(GSE58341)/Homer","GARTGGTCATCGCCC","1e-4","-1.020e+01","0.0001","59.0","1.13","280.6","0.64","1.765625","0.246898469499532","0.98759387799813","74","ZNF669"
"Lhx1(Homeobox)/EmbryoCarcinoma-Lhx1-ChIP-Seq(GSE70957)/Homer","NNYTAATTAR","1e-4","-1.014e+01","0.0001","540.0","10.36","3830.3","8.77","1.18129988597491","0.0723601620431737","0.289440648172695","44","LHX1"
"Hoxd12(Homeobox)/ChickenMSG-Hoxd12.Flag-ChIP-Seq(GSE86088)/Homer","HDGYAATGAAAN","1e-4","-1.013e+01","0.0001","874.0","16.78","6461.0","14.79","1.13455037187289","0.0548237824957891","0.219295129983156","32","HOXD12"
"ZNF519(Zf)/HEK293-ZNF519.GFP-ChIP-Seq(GSE58341)/Homer","GAGSCCGAGC","1e-4","-9.919e+00","0.0002","107.0","2.05","600.0","1.37","1.4963503649635","0.175033293899347","0.70013317559739","143","ZNF519"
"Atf1(bZIP)/K562-ATF1-ChIP-Seq(GSE31477)/Homer","GATGACGTCA","1e-4","-9.740e+00","0.0002","502.0","9.64","3551.9","8.13","1.18573185731857","0.0739864883087626","0.29594595323505","97","ATF1"
"Bach1(bZIP)/K562-Bach1-ChIP-Seq(GSE31477)/Homer","AWWNTGCTGAGTCAT","1e-4","-9.312e+00","0.0003","50.0","0.96","233.4","0.53","1.81132075471698","0.257995363438779","1.03198145375512","17","BACH1"
"MafA(bZIP)/Islet-MafA-ChIP-Seq(GSE30298)/Homer","TGCTGACTCA","1e-4","-9.235e+00","0.0003","599.0","11.50","4329.7","9.91","1.16044399596367","0.0646241858683363","0.258496743473345","69","MAFA"
"Bapx1(Homeobox)/VertebralCol-Bapx1-ChIP-Seq(GSE36672)/Homer","TTRAGTGSYK","1e-3","-9.165e+00","0.0003","1155.0","22.17","8768.0","20.08","1.10408366533865","0.0430019846415065","0.12900595392452","11","NKX3-2"
"GSC(Homeobox)/FrogEmbryos-GSC-ChIP-Seq(DRA000576)/Homer","RGGATTAR","1e-3","-9.083e+00","0.0003","544.0","10.44","3905.6","8.94","1.16778523489933","0.0673629798703257","0.202088939610977","38","GSC"
"Esrrb(NR)/mES-Esrrb-ChIP-Seq(GSE11431)/Homer","KTGACCTTGA","1e-3","-8.942e+00","0.0004","448.0","8.60","3164.5","7.25","1.18620689655172","0.074160444672574","0.222481334017722","154","ESRRB(NR)"
"Dlx3(Homeobox)/Kerainocytes-Dlx3-ChIP-Seq(GSE89884)/Homer","NDGTAATTAC","1e-3","-8.890e+00","0.0004","295.0","5.66","1994.7","4.57","1.23851203501094","0.0929002311184212","0.278700693355263","43","DLX3"
"Znf263(Zf)/K562-Znf263-ChIP-Seq(GSE31477)/Homer","CVGTSCTCCC","1e-3","-8.708e+00","0.0005","1507.0","28.93","11659.8","26.70","1.08352059925094","0.0348371722834077","0.104511516850223","80","ZNF263"
"THRb(NR)/HepG2-THRb.Flag-ChIP-Seq(Encode)/Homer","GGTCACCTGAGGTCA","1e-3","-8.389e+00","0.0007","326.0","6.26","2246.2","5.14","1.21789883268483","0.085611214215154","0.256833642645462","82","THRB(NR)"
"bHLHE40(bHLH)/HepG2-BHLHE40-ChIP-Seq(GSE31477)/Homer","KCACGTGMCN","1e-3","-8.264e+00","0.0008","236.0","4.53","1569.3","3.59","1.26183844011142","0.101003753434513","0.303011260303538","13","BHLHE40"
"TATA-Box(TBP)/Promoter/Homer","CCTTTTAWAGSC","1e-3","-8.202e+00","0.0008","657.0","12.61","4835.9","11.07","1.13911472448058","0.0565674656943588","0.169702397083076","164","TBP"
"NPAS2(bHLH)/Liver-NPAS2-ChIP-Seq(GSE39860)/Homer","KCCACGTGAC","1e-3","-8.123e+00","0.0009","670.0","12.86","4942.5","11.32","1.13604240282685","0.0553945417359506","0.166183625207852","101","NPAS2"
"Unknown(Homeobox)/Limb-p300-ChIP-Seq/Homer","SSCMATWAAA","1e-3","-7.775e+00","0.0012","322.0","6.18","2237.9","5.12","1.20703125","0.0817185141129851","0.245155542338955","32","Unknown"
"RORa(NR)/Liver-Rora-ChIP-Seq(GSE101115)/Homer","AAWCTAGGTCARDNN","1e-3","-7.738e+00","0.0012","79.0","1.52","443.8","1.02","1.49019607843137","0.173243416182855","0.519730248548565","4","RORA(NR)"
"bHLHE41(bHLH)/proB-Bhlhe41-ChIP-Seq(GSE93764)/Homer","KCACGTGMCN","1e-3","-7.697e+00","0.0013","749.0","14.38","5593.2","12.81","1.12256049960968","0.0502097563021775","0.150629268906532","13","bHLHE41"
"Zac1(Zf)/Neuro2A-Plagl1-ChIP-Seq(GSE75942)/Homer","HAWGRGGCCM","1e-3","-7.594e+00","0.0014","1192.0","22.88","9169.5","21.00","1.08952380952381","0.0372367253870673","0.111710176161202","61","PLAGL1"
"IRF1(IRF)/PBMC-IRF1-ChIP-Seq(GSE43036)/Homer","GAAAGTGAAAGT","1e-3","-7.593e+00","0.0014","70.0","1.34","384.3","0.88","1.52272727272727","0.182622126214639","0.547866378643917","53","IRF1"
"VDR(NR) DR3/GM10855-VDR+vitD-ChIP-Seq(GSE22484)/Homer","ARAGGTCANWGAGTTCANNN","1e-3","-7.509e+00","0.0015","146.0","2.80","923.5","2.11","1.32701421800948","0.122875576044527","0.368626728133579","142","VDR(NR)"
"IRF2(IRF)/Erythroblas-IRF2-ChIP-Seq(GSE36985)/Homer","GAAASYGAAASY","1e-3","-7.181e+00","0.0021","56.0","1.07","296.8","0.68","1.57352941176471","0.196874864978973","0.59062459493692","53","IRF2"
"CRE(bZIP)/Promoter/Homer","CSGTGACGTCAC","1e-3","-7.117e+00","0.0022","216.0","4.15","1453.9","3.33","1.24624624624625","0.0956038632057728","0.286811589617318","66","CREB1"
"Atf4(bZIP)/MEF-Atf4-ChIP-Seq(GSE35681)/Homer","MTGATGCAAT","1e-2","-6.891e+00","0.0028","189.0","3.63","1257.5","2.88","1.26041666666667","0.100514137276882","0.201028274553763","140","ATF4"
"Tcf3(HMG)/mES-Tcf3-ChIP-Seq(GSE11724)/Homer","ASWTCAAAGG","1e-2","-6.888e+00","0.0028","140.0","2.69","894.6","2.05","1.31219512195122","0.117998418946654","0.235996837893307","92","TCF7L1"
"MafB(bZIP)/BMM-Mafb-ChIP-Seq(GSE75722)/Homer","WNTGCTGASTCAGCANWTTY","1e-2","-6.871e+00","0.0028","246.0","4.72","1688.8","3.87","1.21963824289406","0.0862310336151763","0.172462067230353","17","MAFB"
"Atf2(bZIP)/3T3L1-Atf2-ChIP-Seq(GSE56872)/Homer","NRRTGACGTCAT","1e-2","-6.577e+00","0.0037","263.0","5.05","1828.4","4.19","1.20525059665871","0.081077355152366","0.162154710304732","96","ATF2"
"IRF8(IRF)/BMDM-IRF8-ChIP-Seq(GSE77884)/Homer","GRAASTGAAAST","1e-2","-6.569e+00","0.0037","143.0","2.74","924.7","2.12","1.29245283018868","0.111414701891637","0.222829403783273","51","IRF8"
"n-Myc(bHLH)/mES-nMyc-ChIP-Seq(GSE11431)/Homer","VRCCACGTGG","1e-2","-6.566e+00","0.0037","394.0","7.56","2843.9","6.51","1.16129032258065","0.0649408069330146","0.129881613866029","13","MYCN"
"Mef2d(MADS)/Retina-Mef2d-ChIP-Seq(GSE61391)/Homer","GCTATTTTTAGC","1e-2","-6.543e+00","0.0038","79.0","1.52","463.2","1.06","1.43396226415094","0.156537722680002","0.313075445360004","44","MEF2D"
"ZSCAN22(Zf)/HEK293-ZSCAN22.GFP-ChIP-Seq(GSE58341)/Homer","SMCAGTCWGAKGGAGGAGGC","1e-2","-6.377e+00","0.0044","73.0","1.40","424.2","0.97","1.44329896907216","0.159356301411993","0.318712602823986","114","ZSCAN22"
"Otx2(Homeobox)/EpiLC-Otx2-ChIP-Seq(GSE56098)/Homer","NYTAATCCYB","1e-2","-6.351e+00","0.0045","337.0","6.47","2408.7","5.52","1.17210144927536","0.0689652029395015","0.137930405879003","37","OTX2"
"Sp1(Zf)/Promoter/Homer","GGCCCCGCCCCC","1e-2","-6.344e+00","0.0045","130.0","2.50","834.3","1.91","1.30890052356021","0.11690664142431","0.23381328284862","35","SP1"
"Hoxd10(Homeobox)/ChickenMSG-Hoxd10.Flag-ChIP-Seq(GSE86088)/Homer","GGCMATGAAA","1e-2","-6.202e+00","0.0052","552.0","10.60","4107.4","9.41","1.12646121147715","0.0517162418375133","0.103432483675027","32","HOXD10"
"Egr2(Zf)/Thymocytes-Egr2-ChIP-Seq(GSE34254)/Homer","NGCGTGGGCGGR","1e-2","-6.182e+00","0.0053","107.0","2.05","670.1","1.53","1.33986928104575","0.127062430238155","0.254124860476311","19","EGR2"
"ISRE(IRF)/ThioMac-LPS-Expression(GSE23622)/Homer","AGTTTCASTTTC","1e-2","-5.930e+00","0.0067","32.0","0.61","155.7","0.36","1.69444444444444","0.22902733424348","0.458054668486959","53","ISRE(STAT1/STAT2/IRF9)"
"bZIP:IRF(bZIP IRF)/Th17-BatF-ChIP-Seq(GSE39756)/Homer","NAGTTTCABTHTGACTNW","1e-2","-5.823e+00","0.0074","211.0","4.05","1457.3","3.34","1.2125748502994","0.0837085564031041","0.167417112806208","24","IRF4"
"Hoxa13(Homeobox)/ChickenMSG-Hoxa13.Flag-ChIP-Seq(GSE86088)/Homer","CYHATAAAAN","1e-2","-5.665e+00","0.0087","1243.0","23.86","9730.4","22.28","1.07091561938959","0.0297552528326318","0.0595105056652635","32","HOXA13"
"AMYB(HTH)/Testes-AMYB-ChIP-Seq(GSE44588)/Homer","TGGCAGTTGG","1e-2","-5.660e+00","0.0087","938.0","18.00","7245.8","16.59","1.08499095840868","0.0354261190789453","0.0708522381578907","21","MYBL1"
"PRDM1(Zf)/Hela-PRDM1-ChIP-Seq(GSE31477)/Homer","ACTTTCACTTTC","1e-2","-5.635e+00","0.0088","247.0","4.74","1740.7","3.99","1.18796992481203","0.0748054459873368","0.149610891974674","122","PRDM1"
"ETS:RUNX(ETS Runt)/Jurkat-RUNX1-ChIP-Seq(GSE17954)/Homer","RCAGGATGTGGT","1e-2","-5.504e+00","0.0100","47.0","0.90","259.0","0.59","1.52542372881356","0.183390497797181","0.366780995594361","116","RUNX1"
"c-Myc(bHLH)/LNCAP-cMyc-ChIP-Seq(Unpublished)/Homer","VCCACGTG","1e-2","-5.426e+00","0.0108","293.0","5.62","2105.5","4.82","1.16597510373444","0.0666892773302114","0.133378554660423","13","MYC"
"THRa(NR)/C17.2-THRa-ChIP-Seq(GSE38347)/Homer","GGTCANYTGAGGWCA","1e-2","-5.409e+00","0.0109","204.0","3.92","1418.8","3.25","1.20615384615385","0.0814027060415829","0.162805412083166","82","THRA(NR)"
"PAX6(Paired Homeobox)/Forebrain-Pax6-ChIP-Seq(GSE66961)/Homer","NGTGTTCAVTSAAGCGKAAA","1e-2","-5.368e+00","0.0113","67.0","1.29","400.2","0.92","1.40217391304348","0.146801882953694","0.293603765907387","61","PAX6"
"ZNF189(Zf)/HEK293-ZNF189.GFP-ChIP-Seq(GSE58341)/Homer","TGGAACAGMA","1e-2","-5.367e+00","0.0113","368.0","7.06","2695.6","6.17","1.14424635332253","0.058519537018562","0.117039074037124","108","ZNF189"
"Pknox1(Homeobox)/ES-Prep1-ChIP-Seq(GSE63282)/Homer","SCTGTCAVTCAV","1e-2","-5.237e+00","0.0127","155.0","2.98","1051.3","2.41","1.23651452282158","0.0921992215013868","0.184398443002774","120","PKNOX1"
"RUNX2(Runt)/PCa-RUNX2-ChIP-Seq(GSE33889)/Homer","NWAACCACADNN","1e-2","-5.153e+00","0.0138","485.0","9.31","3633.1","8.32","1.11899038461538","0.0488263546906187","0.0976527093812373","43","RUNX2"
"Rbpj1(?)/Panc1-Rbpj1-ChIP-Seq(GSE47459)/Homer","HTTTCCCASG","1e-2","-5.007e+00","0.0158","568.0","10.90","4306.0","9.86","1.10547667342799","0.0435495829994124","0.0870991659988249","113","RBPJ"
"Pbx3(Homeobox)/GM12878-PBX3-ChIP-Seq(GSE32465)/Homer","SCTGTCAMTCAN","1e-2","-5.002e+00","0.0158","166.0","3.19","1143.0","2.62","1.2175572519084","0.0854893917374356","0.170978783474871","119","PBX3"
"p53(p53)/Saos-p53-ChIP-Seq(GSE15780)/Homer","RRCATGYCYRGRCATGYYYN","1e-2","-4.911e+00","0.0171","60.0","1.15","359.2","0.82","1.40243902439024","0.146883987969895","0.29376797593979","1","TP53"
"p53(p53)/Saos-p53-ChIP-Seq/Homer","RRCATGYCYRGRCATGYYYN","1e-2","-4.911e+00","0.0171","60.0","1.15","359.2","0.82","1.40243902439024","0.146883987969895","0.29376797593979","1","TP53"
"Mef2c(MADS)/GM12878-Mef2c-ChIP-Seq(GSE32465)/Homer","DCYAAAAATAGM","1e-2","-4.874e+00","0.0177","154.0","2.96","1055.6","2.42","1.22314049586777","0.0874763450785073","0.174952690157015","45","MEF2C"
"Gfi1b(Zf)/HPC7-Gfi1b-ChIP-Seq(GSE22178)/Homer","MAATCACTGC","1e-2","-4.777e+00","0.0194","347.0","6.66","2559.3","5.86","1.13651877133106","0.0555766131522104","0.111153226304421","54","GFI1B"
"STAT5(Stat)/mCD4+-Stat5-ChIP-Seq(GSE12346)/Homer","RTTTCTNAGAAA","1e-2","-4.735e+00","0.0201","88.0","1.69","565.9","1.30","1.3","0.113943352306837","0.227886704613673","23","STAT5A"
"ZNF382(Zf)/HEK293-ZNF382.GFP-ChIP-Seq(GSE58341)/Homer","GNCTGTASTRNTGBCTCHTT","1e-2","-4.678e+00","0.0212","17.0","0.33","74.7","0.17","1.94117647058824","0.288065018499614","0.576130036999227","88","ZNF382"
"NF1(CTF)/LNCAP-NF1-ChIP-Seq(Unpublished)/Homer","CYTGGCABNSTGCCAR","1e-2","-4.623e+00","0.0222","135.0","2.59","919.0","2.10","1.23333333333333","0.0910804693473325","0.182160938694665","132","NFIB"
"Nkx3.1(Homeobox)/LNCaP-Nkx3.1-ChIP-Seq(GSE28264)/Homer","AAGCACTTAA","1e-1","-4.550e+00","0.0238","1151.0","22.09","9074.4","20.78","1.06304138594803","0.0265501726502762","0.0265501726502762","11","NKX3-1"
"Zic3(Zf)/mES-Zic3-ChIP-Seq(GSE37889)/Homer","GGCCYCCTGCTGDGH","1e-1","-4.502e+00","0.0248","379.0","7.27","2827.4","6.47","1.12364760432767","0.0506301301903375","0.0506301301903374","12","ZIC3"
"MafK(bZIP)/C2C12-MafK-ChIP-Seq(GSE36030)/Homer","GCTGASTCAGCA","1e-1","-4.437e+00","0.0264","145.0","2.78","1001.3","2.29","1.21397379912664","0.0842093135781883","0.0842093135781883","17","MAFK"
"Isl1(Homeobox)/Neuron-Isl1-ChIP-Seq(GSE31456)/Homer","CTAATKGV","1e-1","-4.375e+00","0.0279","914.0","17.54","7152.1","16.38","1.07081807081807","0.029715691605622","0.029715691605622","83","ISL1"
"Pax8(Paired Homeobox)/Thyroid-Pax8-ChIP-Seq(GSE26938)/Homer","GTCATGCHTGRCTGS","1e-1","-4.334e+00","0.0289","161.0","3.09","1127.7","2.58","1.19767441860465","0.0783387734616044","0.0783387734616044","6","PAX8"
"RAR:RXR(NR) DR5/ES-RAR-ChIP-Seq(GSE56893)/Homer","AGGTCAAGGTCA","1e-1","-4.278e+00","0.0304","51.0","0.98","307.3","0.70","1.4","0.146128035678238","0.146128035678238","160","RAR_RXR(NR)"
"MYB(HTH)/ERMYB-Myb-ChIPSeq(GSE22095)/Homer","GGCVGTTR","1e-1","-4.089e+00","0.0366","1068.0","20.50","8437.5","19.32","1.06107660455487","0.0257467389762798","0.0257467389762797","21","MYB"
"Hnf6b(Homeobox)/LNCaP-Hnf6b-ChIP-Seq(GSE106305)/Homer","TATTGAYY","1e-1","-4.052e+00","0.0378","374.0","7.18","2813.1","6.44","1.11490683229814","0.0472385768824882","0.0472385768824882","160","ONECUT2"
"PU.1:IRF8(ETS:IRF)/pDC-Irf8-ChIP-Seq(GSE66899)/Homer","GGAAGTGAAAST","1e-1","-3.975e+00","0.0406","70.0","1.34","451.4","1.03","1.30097087378641","0.114267573659635","0.114267573659635","52","IRF8"
"E2F6(E2F)/Hela-E2F6-ChIP-Seq(GSE31477)/Homer","GGCGGGAARN","1e-1","-3.937e+00","0.0420","189.0","3.63","1359.6","3.11","1.16720257234727","0.0671462360092751","0.067146236009275","5","E2F6"
"CRX(Homeobox)/Retina-Crx-ChIP-Seq(GSE20012)/Homer","GCTAATCC","1e-1","-3.583e+00","0.0595","1099.0","21.09","8742.1","20.02","1.05344655344655","0.0226125065961865","0.0226125065961865","37","CRX"
"ETS(ETS)/Promoter/Homer","AACCGGAAGT","1e-1","-3.582e+00","0.0595","204.0","3.92","1492.3","3.42","1.14619883040936","0.0592599609643222","0.0592599609643222","24","ETS1"
"ZNF711(Zf)/SHSY5Y-ZNF711-ChIP-Seq(GSE20673)/Homer","AGGCCTAG","1e-1","-3.547e+00","0.0610","656.0","12.59","5122.8","11.73","1.07331628303495","0.0307277179923333","0.0307277179923333","85","ZNF711"
"Gata4(Zf)/Heart-Gata4-ChIP-Seq(GSE35151)/Homer","NBWGATAAGR","1e-1","-3.528e+00","0.0619","482.0","9.25","3714.9","8.51","1.08695652173913","0.0362121726544447","0.0362121726544447","30","GATA4"
"Pitx1(Homeobox)/Chicken-Pitx1-ChIP-Seq(GSE38910)/Homer","TAATCCCN","1e-1","-3.504e+00","0.0631","2020.0","38.77","16376.0","37.50","1.03386666666667","0.0144645332794912","0.0144645332794912","155","PITX1"
"Tlx?(NR)/NPC-H3K4me1-ChIP-Seq(GSE16256)/Homer","CTGGCAGSCTGCCA","1e-1","-3.468e+00","0.0651","175.0","3.36","1270.9","2.91","1.15463917525773","0.0624462884039367","0.0624462884039367","131","NR2E1(NR)"
"SpiB(ETS)/OCILY3-SPIB-ChIP-Seq(GSE56857)/Homer","AAAGRGGAAGTG","1e-1","-3.365e+00","0.0718","127.0","2.44","901.0","2.06","1.18446601941748","0.073522605969576","0.073522605969576","56","SPIB"
"Twist(bHLH)/HMLE-TWIST1-ChIP-Seq(Chang_et_al)/Homer","VCAKCTGGNNNCCAGMTGBN","1e-1","-3.263e+00","0.0792","97.0","1.86","674.9","1.55","1.2","0.0791812460476248","0.0791812460476248","8","TWIST1"
"Chop(bZIP)/MEF-Chop-ChIP-Seq(GSE35681)/Homer","ATTGCATCAT","1e-1","-3.247e+00","0.0800","142.0","2.73","1022.4","2.34","1.16666666666667","0.0669467896306132","0.0669467896306132","141","DDIT3"
"Phox2a(Homeobox)/Neuron-Phox2a-ChIP-Seq(GSE31456)/Homer","YTAATYNRATTA","1e-1","-3.214e+00","0.0823","139.0","2.67","1000.2","2.29","1.16593886462882","0.0666757790246872","0.0666757790246872","59","PHOX2A"
"Oct4:Sox17(POU Homeobox HMG)/F9-Sox17-ChIP-Seq(GSE44553)/Homer","CCATTGTATGCAAAT","1e-1","-3.209e+00","0.0823","53.0","1.02","344.0","0.79","1.29113924050633","0.110973080471476","0.110973080471476","76","OCT4_SOX17"
"E2F3(E2F)/MEF-E2F3-ChIP-Seq(GSE71376)/Homer","BTKGGCGGGAAA","1e-1","-3.199e+00","0.0828","236.0","4.53","1764.6","4.04","1.12128712871287","0.0497168369022269","0.0497168369022269","5","E2F3"
"PRDM14(Zf)/H1-PRDM14-ChIP-Seq(GSE22767)/Homer","RGGTCTCTAACY","1e-1","-3.126e+00","0.0886","116.0","2.23","825.9","1.89","1.17989417989418","0.0718430588749165","0.0718430588749165","147","PRDM14"
"HIF-1b(HLH)/T47D-HIF1b-ChIP-Seq(GSE59937)/Homer","RTACGTGC","1e-1","-3.085e+00","0.0919","901.0","17.29","7168.7","16.42","1.05298416565164","0.0224218404905005","0.0224218404905005","80","ARNT(HIF1B)"
"HNF6(Homeobox)/Liver-Hnf6-ChIP-Seq(ERP000394)/Homer","NTATYGATCH","1e-1","-3.038e+00","0.0958","265.0","5.09","2004.4","4.59","1.10893246187364","0.0449050967994975","0.0449050967994975","158","ONECUT1"
"Gata6(Zf)/HUG1N-GATA6-ChIP-Seq(GSE51936)/Homer","YCTTATCTBN","1e-1","-3.020e+00","0.0971","419.0","8.04","3243.3","7.43","1.08209959623149","0.0342672349878759","0.0342672349878759","31","GATA6"
"Klf4(Zf)/mES-Klf4-ChIP-Seq(GSE11431)/Homer","GCCACACCCA","1e-1","-2.959e+00","0.1028","205.0","3.93","1531.3","3.51","1.11965811965812","0.0490854339096026","0.0490854339096026","34","KLF4"
"Tbet(T-box)/CD8-Tbet-ChIP-Seq(GSE33802)/Homer","AGGTGTGAAM","1e-1","-2.897e+00","0.1089","665.0","12.76","5254.7","12.03","1.06068162926018","0.0255850470452988","0.0255850470452988","41","TBX21"
"JunD(bZIP)/K562-JunD-ChIP-Seq/Homer","ATGACGTCATCN","1e-1","-2.839e+00","0.1148","86.0","1.65","604.5","1.38","1.19565217391304","0.0776048578126698","0.0776048578126698","98","JUND"
"Hoxa10(Homeobox)/ChickenMSG-Hoxa10.Flag-ChIP-Seq(GSE86088)/Homer","GGYAATGAAA","1e-1","-2.777e+00","0.1216","245.0","4.70","1861.0","4.26","1.10328638497653","0.0426882588329986","0.0426882588329986","32","HOXA10"
"Barx1(Homeobox)/Stomach-Barx1.3xFlag-ChIP-Seq(GSE69483)/Homer","AAACMATTAN","1e-1","-2.664e+00","0.1355","219.0","4.20","1659.5","3.80","1.10526315789474","0.0434656937810903","0.0434656937810903","25","BARX1"
"RBPJ:Ebox(? bHLH)/Panc1-Rbpj1-ChIP-Seq(GSE47459)/Homer","GGGRAARRGRMCAGMTG","1e-1","-2.663e+00","0.1355","188.0","3.61","1412.7","3.23","1.11764705882353","0.048304679574555","0.048304679574555","8","RBPJ"
"NeuroD1(bHLH)/Islet-NeuroD1-ChIP-Seq(GSE30298)/Homer","GCCATCTGTT","1e-1","-2.624e+00","0.1397","526.0","10.10","4145.6","9.49","1.06427818756586","0.0270551613553499","0.0270551613553498","8","NEUROD1"
"IRF4(IRF)/GM12878-IRF4-ChIP-Seq(GSE32465)/Homer","ACTGAAACCA","1e-1","-2.598e+00","0.1429","212.0","4.07","1607.9","3.68","1.10597826086957","0.0437465905517024","0.0437465905517024","169","IRF4"
"SCL(bHLH)/HPC7-Scl-ChIP-Seq(GSE13511)/Homer","AVCAGCTG","1e-1","-2.585e+00","0.1441","3122.0","59.92","25737.5","58.94","1.0166270783848","0.00716167317750375","0.00716167317750375","8","TAL1"
"c-Myc(bHLH)/mES-cMyc-ChIP-Seq(GSE11431)/Homer","VVCCACGTGG","1e-1","-2.502e+00","0.1558","232.0","4.45","1773.4","4.06","1.09605911330049","0.0398339774037375","0.0398339774037375","13","MYC"
"NFkB-p65-Rel(RHD)/ThioMac-LPS-Expression(GSE23622)/Homer","GGAAATTCCC","1e-1","-2.407e+00","0.1705","25.0","0.48","157.0","0.36","1.33333333333333","0.1249387366083","0.1249387366083","53","NFKB1_RELA"
"ZFX(Zf)/mES-Zfx-ChIP-Seq(GSE11431)/Homer","AGGCCTRG","1e-1","-2.401e+00","0.1708","451.0","8.66","3554.5","8.14","1.06388206388206","0.0268934871281454","0.0268934871281454","84","ZFX"
"ZNF143|STAF(Zf)/CUTLL-ZNF143-ChIP-Seq(GSE29600)/Homer","ATTTCCCAGVAKSCY","1e-1","-2.344e+00","0.1801","134.0","2.57","1000.2","2.29","1.12227074235808","0.0500976409914065","0.0500976409914065","46","ZNF143"
"STAT1(Stat)/HelaS3-STAT1-ChIP-Seq(GSE12782)/Homer","NATTTCCNGGAAAT","1e-1","-2.335e+00","0.1809","79.0","1.52","568.3","1.30","1.16923076923077","0.0679002356379358","0.0679002356379358","23","STAT1"
"TCFL2(HMG)/K562-TCF7L2-ChIP-Seq(GSE29196)/Homer","ACWTCAAAGG","1e-1","-2.332e+00","0.1809","44.0","0.84","299.7","0.69","1.21739130434783","0.0854301953246264","0.0854301953246264","91","TCFL2"
"PBX1(Homeobox)/MCF7-PBX1-ChIP-Seq(GSE28007)/Homer","GSCTGTCACTCA","1e-1","-2.308e+00","0.1843","63.0","1.21","445.8","1.02","1.18627450980392","0.0741851985545325","0.0741851985545325","119","PBX1"
"IRF3(IRF)/BMDM-Irf3-ChIP-Seq(GSE67343)/Homer","AGTTTCAKTTTC","1e0","-2.254e+00","0.1937","115.0","2.21","854.6","1.96","1.12755102040816","0.0521362023286347","0","53","IRF3"
"Oct6(POU Homeobox)/NPC-Pou3f1-ChIP-Seq(GSE35496)/Homer","WATGCAAATGAG","1e0","-2.179e+00","0.2079","152.0","2.92","1152.6","2.64","1.10606060606061","0.0437789245785872","0","121","OCT6(POU3F1)"
"PRDM10(Zf)/HEK293-PRDM10.eGFP-ChIP-Seq(Encode)/Homer","TGGTACATTCCA","1e0","-2.136e+00","0.2160","289.0","5.55","2259.5","5.17","1.07350096711799","0.0308024400287338","0","88","PRDM10"
"Tbox:Smad(T-box MAD)/ESCd5-Smad2_3-ChIP-Seq(GSE29422)/Homer","AGGTGHCAGACA","1e0","-2.123e+00","0.2180","121.0","2.32","908.9","2.08","1.11538461538462","0.047424649928138","0","172","SMAD2_SMAD3(T-box)"
"OCT4-SOX2-TCF-NANOG(POU Homeobox HMG)/mES-Oct4-ChIP-Seq(GSE11431)/Homer","ATTTGCATAACAATG","1e0","-2.106e+00","0.2208","55.0","1.06","390.7","0.89","1.19101123595506","0.0759158586198575","0","93","OCT4-SOX2-TCF-NANOG"
"p63(p53)/Keratinocyte-p63-ChIP-Seq(GSE17611)/Homer","NNDRCATGYCYNRRCATGYH","1e0","-2.075e+00","0.2267","189.0","3.63","1455.8","3.33","1.09009009009009","0.0374623915297926","0","1","TP63"
"Cux2(Homeobox)/Liver-Cux2-ChIP-Seq(GSE35985)/Homer","HNRAATCAAT","1e0","-2.009e+00","0.2412","199.0","3.82","1540.9","3.53","1.08215297450425","0.0342886575238861","0","58","CUX2"
"YY1(Zf)/Promoter/Homer","CAAGATGGCGGC","1e0","-1.982e+00","0.2468","56.0","1.07","402.6","0.92","1.16304347826087","0.0655959503396544","0","35","YY1"
"ETS1(ETS)/Jurkat-ETS1-ChIP-Seq(GSE17954)/Homer","ACAGGAAGTG","1e0","-1.945e+00","0.2549","598.0","11.48","4806.9","11.01","1.04268846503179","0.018154569090203","0","24","ETS1"
"Hnf1(Homeobox)/Liver-Foxa2-Chip-Seq(GSE25694)/Homer","GGTTAAWCATTAA","1e0","-1.943e+00","0.2549","49.0","0.94","349.6","0.80","1.175","0.070037866607755","0","124","HNF1A"
"GFY-Staf(? Zf)/Promoter/Homer","RACTACAATTCCCAGAAKGC","1e0","-1.915e+00","0.2606","20.0","0.38","130.0","0.30","1.26666666666667","0.102662341897148","0","46","GFY"
"Ronin(THAP)/ES-Thap11-ChIP-Seq(GSE51522)/Homer","RACTACAACTCCCAGVAKGC","1e0","-1.915e+00","0.2606","13.0","0.25","78.1","0.18","1.38888888888889","0.142667503568732","0","45","THAP11"
"p73(p53)/Trachea-p73-ChIP-Seq(PRJNA310161)/Homer","NRRRCAWGTCCDGRCATGYY","1e0","-1.891e+00","0.2646","29.0","0.56","197.6","0.45","1.24444444444444","0.0949755132308567","0","1","TP73"
"Gata2(Zf)/K562-GATA2-ChIP-Seq(GSE18829)/Homer","BBCTTATCTS","1e0","-1.882e+00","0.2660","296.0","5.68","2337.6","5.35","1.06168224299065","0.0259945536897905","0","31","GATA2"
"Brn1(POU Homeobox)/NPC-Brn1-ChIP-Seq(GSE35496)/Homer","TATGCWAATBAV","1e0","-1.861e+00","0.2706","106.0","2.03","803.0","1.84","1.10326086956522","0.0426782149036764","0","121","OCT8(POU3F3)"
"PRDM9(Zf)/Testis-DMC1-ChIP-Seq(GSE35498)/Homer","ADGGYAGYAGCATCT","1e0","-1.844e+00","0.2741","267.0","5.12","2104.5","4.82","1.06224066390041","0.0262229227369812","0","167","PRDM9"
"Bcl11a(Zf)/HSPC-BCL11A-ChIP-Seq(GSE104676)/Homer","TYTGACCASWRG","1e0","-1.833e+00","0.2760","454.0","8.71","3635.5","8.32","1.046875","0.0198948287169393","0","130","BCL11A"
"GRE(NR) IR3/A549-GR-ChIP-Seq(GSE32465)/Homer","NRGVACABNVTGTYCY","1e0","-1.773e+00","0.2919","61.0","1.17","449.5","1.03","1.13592233009709","0.0553486370409894","0","80","NR3C1_GRE(NR)"
"ZNF317(Zf)/HEK293-ZNF317.GFP-ChIP-Seq(GSE58341)/Homer","GTCWGCTGTYYCTCT","1e0","-1.743e+00","0.2997","75.0","1.44","561.7","1.29","1.11627906976744","0.0477727817960007","0","129","ZNF317"
"ZNF768(Zf)/Rajj-ZNF768-ChIP-Seq(GSE111879)/Homer","RHHCAGAGAGGB","1e0","-1.701e+00","0.3112","19.0","0.36","126.0","0.29","1.24137931034483","0.0939045028683312","0","175","ZNF768"
"Oct11(POU Homeobox)/NCIH1048-POU2F3-ChIP-seq(GSE115123)/Homer","GATTTGCATA","1e0","-1.671e+00","0.3193","92.0","1.77","700.4","1.60","1.10625","0.0438532837058818","0","93","OCT11(POU2F3)"
"OCT:OCT(POU Homeobox)/NPC-OCT6-ChIP-Seq(GSE43916)/Homer","YATGCATATRCATRT","1e0","-1.665e+00","0.3200","29.0","0.56","203.5","0.47","1.19148936170213","0.076090169070483","0","171","OCT6(POU3F1)"
"HRE(HSF)/HepG2-HSF1-ChIP-Seq(GSE31477)/Homer","BSTTCTRGAABVTTCYAGAA","1e0","-1.616e+00","0.3349","55.0","1.06","408.3","0.93","1.13978494623656","0.0568229167108351","0","149","HSF1(HRE)"
"ZNF675(Zf)/HEK293-ZNF675.GFP-ChIP-Seq(GSE58341)/Homer","ARGAGGMCAAAATGW","1e0","-1.613e+00","0.3349","80.0","1.54","607.7","1.39","1.10791366906475","0.044505920582368","0","38","ZNF675"
"GATA:SCL(Zf bHLH)/Ter119-SCL-ChIP-Seq(GSE18720)/Homer","CRGCTGBNGNSNNSAGATAA","1e0","-1.600e+00","0.3363","65.0","1.25","488.9","1.12","1.11607142857143","0.0476919903378747","0","142","TAL1_GATA1"
"Phox2b(Homeobox)/CLBGA-PHOX2B-ChIP-Seq(GSE90683)/Homer","TTAATTNAATTA","1e0","-1.600e+00","0.3363","65.0","1.25","488.0","1.12","1.11607142857143","0.0476919903378747","0","60","PHOX2B"
"Pax7(Paired Homeobox) long/Myoblast-Pax7-ChIP-Seq(GSE25064)/Homer","TAATCHGATTAC","1e0","-1.593e+00","0.3374","12.0","0.23","76.9","0.18","1.27777777777778","0.106455330914287","0","60","PAX7"
"HNF1b(Homeobox)/PDAC-HNF1B-ChIP-Seq(GSE64557)/Homer","GTTAATNATTAA","1e0","-1.575e+00","0.3420","51.0","0.98","378.4","0.87","1.1264367816092","0.0517068230738763","0","123","HNF1B"
"Smad3(MAD)/NPC-Smad3-ChIP-Seq(GSE36673)/Homer","TWGTCTGV","1e0","-1.528e+00","0.3571","1653.0","31.73","13632.5","31.22","1.01633568225496","0.00703717337401353","0","135","SMAD3"
"PU.1(ETS)/ThioMac-PU.1-ChIP-Seq(GSE21512)/Homer","AGAGGAAGTG","1e0","-1.485e+00","0.3713","250.0","4.80","1997.4","4.57","1.05032822757112","0.021325037305737","0","15","SPI1"
"Unknown-ESC-element(?)/mES-Nanog-ChIP-Seq(GSE11724)/Homer","CACAGCAGGGGG","1e0","-1.467e+00","0.3766","386.0","7.41","3117.9","7.14","1.03781512605042","0.0161199962031538","0","12","Novel_ESC_element"
"GLIS3(Zf)/Thyroid-Glis3.GFP-ChIP-Seq(GSE103297)/Homer","CTCCCTGGGAGGCCN","1e0","-1.467e+00","0.3766","678.0","13.01","5532.0","12.67","1.02683504340963","0.0115006816781449","0","14","GLIS3"
"HRE(HSF)/Striatum-HSF1-ChIP-Seq(GSE38000)/Homer","TTCTAGAABNTTCTA","1e0","-1.392e+00","0.4031","70.0","1.34","538.5","1.23","1.08943089430894","0.0371996869254098","0","148","HRE"
"IRF:BATF(IRF:bZIP)/pDC-Irf8-ChIP-Seq(GSE66899)/Homer","CTTTCANTATGACTV","1e0","-1.363e+00","0.4132","44.0","0.84","331.4","0.76","1.10526315789474","0.0434656937810903","0","25","BATF3_IRF8"
"Mef2b(MADS)/HEK293-Mef2b.V5-ChIP-Seq(GSE67450)/Homer","GCTATTTTTGGM","1e0","-1.340e+00","0.4212","284.0","5.45","2291.7","5.25","1.03809523809524","0.0162371988706856","0","45","MEF2B"
"ZNF41(Zf)/HEK293-ZNF41.GFP-ChIP-Seq(GSE58341)/Homer","CCTCATGGTGYCYTWYTCCCTTGTG","1e0","-1.318e+00","0.4292","10.0","0.19","66.7","0.15","1.26666666666667","0.102662341897148","0","47","ZNF41"
"HIF-1a(bHLH)/MCF7-HIF1a-ChIP-Seq(GSE28352)/Homer","TACGTGCV","1e0","-1.314e+00","0.4292","171.0","3.28","1366.0","3.13","1.04792332268371","0.0203295061652306","0","163","HIF1A"
"ZNF692(Zf)/HEK293-ZNF692.GFP-ChIP-Seq(GSE58341)/Homer","GTGGGCCCCA","1e0","-1.270e+00","0.4469","34.0","0.65","255.8","0.59","1.10169491525424","0.0420613450007114","0","84","ZNF692"
"Foxh1(Forkhead)/hESC-FOXH1-ChIP-Seq(GSE29422)/Homer","NNTGTGGATTSS","1e0","-1.235e+00","0.4608","301.0","5.78","2443.5","5.60","1.03214285714286","0.0137398114143287","0","107","FOXH1"
"CEBP:AP1(bZIP)/ThioMac-CEBPb-ChIP-Seq(GSE21512)/Homer","DRTGTTGCAA","1e0","-1.232e+00","0.4608","403.0","7.74","3287.0","7.53","1.02788844621514","0.011945984482192","0","87","CEBPA_JUN(AP-1)"
"Mef2a(MADS)/HL1-Mef2a.biotin-ChIP-Seq(GSE21529)/Homer","CYAAAAATAG","1e0","-1.220e+00","0.4646","120.0","2.30","955.1","2.19","1.05022831050228","0.0212837211774746","0","44","MEF2A"
"ETV4(ETS)/HepG2-ETV4-ChIP-Seq(ENCODE)/Homer","ACCGGAAGTG","1e0","-1.176e+00","0.4835","632.0","12.13","5196.3","11.90","1.01932773109244","0.00831383947404219","0","24","ETV4"
"EHF(ETS)/LoVo-EHF-ChIP-Seq(GSE49402)/Homer","AVCAGGAAGT","1e0","-1.171e+00","0.4845","714.0","13.70","5879.7","13.46","1.01783060921248","0.0076755072684487","0","48","EHF"
"Gata1(Zf)/K562-GATA1-ChIP-Seq(GSE18829)/Homer","SAGATAAGRV","1e0","-1.121e+00","0.5074","247.0","4.74","2010.9","4.60","1.0304347826087","0.013020509992511","0","31","GATA1"
"Pax7(Paired Homeobox)/Myoblast-Pax7-ChIP-Seq(GSE25064)/Homer","TAATCAATTA","1e0","-1.085e+00","0.5240","28.0","0.54","214.9","0.49","1.10204081632653","0.0421976797944549","0","95","PAX7"
"DUX4(Homeobox)/Myoblasts-DUX4.V5-ChIP-Seq(GSE75791)/Homer","NWTAAYCYAATCAWN","1e0","-1.084e+00","0.5240","16.0","0.31","119.0","0.27","1.14814814814815","0.0599979296752854","0","26","DUX4"
"RARg(NR)/ES-RARg-ChIP-Seq(GSE30538)/Homer","AGGTCAAGGTCA","1e0","-1.070e+00","0.5283","10.0","0.19","71.1","0.16","1.1875","0.0746336182969042","0","117","RARG(NR)"
"EBNA1(EBV-virus)/Raji-EBNA1-ChIP-Seq(GSE30709)/Homer","GGYAGCAYDTGCTDCCCNNN","1e0","-1.053e+00","0.5352","4.0","0.08","25.4","0.06","1.33333333333333","0.1249387366083","0","151","EBNA1(EBV-virus)"
"BMYB(HTH)/Hela-BMYB-ChIP-Seq(GSE27030)/Homer","NHAACBGYYV","1e0","-1.052e+00","0.5352","984.0","18.89","8153.9","18.67","1.01178361006963","0.0050876399727553","0","21","MYBL2"
"Ets1-distal(ETS)/CD4+-PolII-ChIP-Seq(Barski_et_al.)/Homer","MACAGGAAGT","1e0","-1.052e+00","0.5352","193.0","3.70","1571.1","3.60","1.02777777777778","0.0118992232997078","0","24","ETS1"
"NFkB-p65(RHD)/GM12787-p65-ChIP-Seq(GSE19485)/Homer","WGGGGATTTCCC","1e0","-1.004e+00","0.5560","210.0","4.03","1717.0","3.93","1.02544529262087","0.0109124957656828","0","53","NFKB1_RELA"
"Ascl1(bHLH)/NeuralTubes-Ascl1-ChIP-Seq(GSE55840)/Homer","NNVVCAGCTGBN","1e0","-9.994e-01","0.5567","1024.0","19.65","8499.0","19.46","1.00976361767729","0.00421971877911234","0","8","ASCL1"
"ZNF652/HepG2-ZNF652.Flag-ChIP-Seq(Encode)/Homer","TTAACCCTTTVNKKN","1e0","-9.887e-01","0.5607","140.0","2.69","1139.7","2.61","1.03065134099617","0.013111772664127","0","109","ZNF652"
"OCT:OCT(POU Homeobox)/NPC-Brn1-ChIP-Seq(GSE35496)/Homer","ATGAATATTCATGAG","1e0","-9.793e-01","0.5640","4.0","0.08","26.0","0.06","1.33333333333333","0.1249387366083","0","3","OCT4(POU5F1)"
"GATA3(Zf) DR8/iTreg-Gata3-ChIP-Seq(GSE20898)/Homer","AGATSTNDNNDSAGATAASN","1e0","-9.501e-01","0.5787","37.0","0.71","293.3","0.67","1.05970149253731","0.0251835460182488","0","167","GATA3"
"RUNX-AML(Runt)/CD4+-PolII-ChIP-Seq(Barski_et_al.)/Homer","GCTGTGGTTW","1e0","-9.459e-01","0.5791","393.0","7.54","3246.8","7.43","1.01480484522207","0.00638253210919882","0","41","RUNX1"
"Duxbl(Homeobox)/NIH3T3-Duxbl.HA-ChIP-Seq(GSE119782)/Homer","TAAYCYAATCAA","1e0","-9.378e-01","0.5818","28.0","0.54","220.7","0.51","1.05882352941176","0.0248235837250321","0","27","DUX4"
"TCF4(bHLH)/SHSY5Y-TCF4-ChIP-Seq(GSE96915)/Homer","SMCATCTGKH","1e0","-8.592e-01","0.6272","954.0","18.31","7948.2","18.20","1.00604395604396","0.00261695631662167","0","8","TCF4"
"Prop1(Homeobox)/GHFT1-PROP1.biotin-ChIP-Seq(GSE77302)/Homer","NTAATBNAATTA","1e0","-7.918e-01","0.6686","189.0","3.63","1568.9","3.59","1.01114206128134","0.00481217645779339","0","58","PROP1"
"HIF2a(bHLH)/785_O-HIF2a-ChIP-Seq(GSE34871)/Homer","GCACGTACCC","1e0","-7.896e-01","0.6686","282.0","5.41","2345.7","5.37","1.00744878957169","0.00322297940701383","0","81","EPAS1"
"Tbx21(T-box)/GM12878-TBX21-ChIP-Seq(Encode)/Homer","AGGTGTGAAA","1e0","-7.888e-01","0.6686","622.0","11.94","5188.2","11.88","1.0050505050505","0.00218788614817551","0","41","TBX21"
"Tbx6(T-box)/ESC-Tbx6-ChIP-Seq(GSE93524)/Homer","DAGGTGTBAA","1e0","-7.850e-01","0.6686","636.0","12.21","5306.6","12.15","1.00493827160494","0.00213938601055145","0","40","TBX6"
"Olig2(bHLH)/Neuron-Olig2-ChIP-Seq(GSE30882)/Homer","RCCATMTGTT","1e0","-7.816e-01","0.6686","1179.0","22.63","9852.1","22.56","1.00310283687943","0.00134545864342388","0","8","OLIG2"
"ZNF415(Zf)/HEK293-ZNF415.GFP-ChIP-Seq(GSE58341)/Homer","GRTGMTRGAGCC","1e0","-7.791e-01","0.6686","322.0","6.18","2681.9","6.14","1.00651465798046","0.00282010394764816","0","145","ZNF415"
"Brn2(POU Homeobox)/NPC-Brn2-ChIP-Seq(GSE35496)/Homer","ATGAATATTC","1e0","-7.746e-01","0.6686","26.0","0.50","211.8","0.49","1.02040816326531","0.00877392430750515","0","3","OCT7(POU3F2)"
"ELF1(ETS)/Jurkat-ELF1-ChIP-Seq(SRA014231)/Homer","AVCCGGAAGT","1e0","-7.353e-01","0.6908","272.0","5.22","2270.9","5.20","1.00384615384615","0.00166715936746299","0","24","ELF1"
"Oct2(POU Homeobox)/Bcell-Oct2-ChIP-Seq(GSE21512)/Homer","ATATGCAAAT","1e0","-7.185e-01","0.7001","68.0","1.31","566.0","1.30","1.00769230769231","0.00332794334892748","0","94","OCT2(POU2F2)"
"MyoD(bHLH)/Myotube-MyoD-ChIP-Seq(GSE21614)/Homer","RRCAGCTGYTSY","1e0","-7.110e-01","0.7031","664.0","12.74","5558.3","12.73","1.00078554595444","0.000341024345676241","0","8","MYOD1"
"LRF(Zf)/Erythroblasts-ZBTB7A-ChIP-Seq(GSE74977)/Homer","AAGACCCYYN","1e0","-7.073e-01","0.7033","622.0","11.94","5207.3","11.92","1.00167785234899","0.00072807138913267","0","127","ZBTB7A"
"NRF1(NRF)/MCF7-NRF1-ChIP-Seq(Unpublished)/Homer","CTGCGCATGCGC","1e0","-6.792e-01","0.7209","39.0","0.75","325.4","0.75","1","0","0","7","NRF1"
"E2F7(E2F)/Hela-E2F7-ChIP-Seq(GSE32673)/Homer","VDTTTCCCGCCA","1e0","-6.733e-01","0.7228","33.0","0.63","275.9","0.63","1","0","0","5","E2F7"
"Nkx2.1(Homeobox)/LungAC-Nkx2.1-ChIP-Seq(GSE43252)/Homer","RSCACTYRAG","1e0","-6.563e-01","0.7328","1502.0","28.83","12599.3","28.85","0.999306759098787","-0.000301175103542473","0","11","NKX2-1"
"GRHL2(CP2)/HBE-GRHL2-ChIP-Seq(GSE46194)/Homer","AAACYKGTTWDACMRGTTTB","1e0","-6.251e-01","0.7535","176.0","3.38","1482.0","3.39","0.997050147492625","-0.00128299792542744","0","167","GRHL2"
"Elk1(ETS)/Hela-Elk1-ChIP-Seq(GSE31477)/Homer","HACTTCCGGY","1e0","-6.175e-01","0.7567","321.0","6.16","2702.5","6.19","0.995153473344103","-0.00210993685569255","0","24","ELK1"
"Stat3+il21(Stat)/CD4-Stat3-ChIP-Seq(GSE19198)/Homer","SVYTTCCNGGAARB","1e0","-5.901e-01","0.7752","223.0","4.28","1883.5","4.31","0.993039443155453","-0.00303350114755951","0","23","STAT3"
"ERG(ETS)/VCaP-ERG-ChIP-Seq(GSE14097)/Homer","ACAGGAAGTG","1e0","-5.807e-01","0.7800","810.0","15.55","6819.2","15.62","0.995518565941101","-0.00195063617842518","0","24","ERG"
"Tbx5(T-box)/HL1-Tbx5.biotin-ChIP-Seq(GSE21529)/Homer","AGGTGTCA","1e0","-5.644e-01","0.7903","1956.0","37.54","16442.4","37.65","0.997078353253652","-0.00127071225139184","0","39","TBX5"
"Tcf12(bHLH)/GM12878-Tcf12-ChIP-Seq(GSE32465)/Homer","VCAGCTGYTG","1e0","-5.590e-01","0.7920","773.0","14.84","6515.1","14.92","0.994638069705094","-0.00233492219364173","0","8","TCF12"
"Tcf21(bHLH)/ArterySmoothMuscle-Tcf21-ChIP-Seq(GSE61369)/Homer","NAACAGCTGG","1e0","-5.567e-01","0.7920","729.0","13.99","6146.9","14.08","0.993607954545455","-0.00278494031426576","0","8","TCF21"
"Ap4(bHLH)/AML-Tfap4-ChIP-Seq(GSE45738)/Homer","NAHCAGCTGD","1e0","-5.509e-01","0.7933","1006.0","19.31","8475.9","19.41","0.994848016486347","-0.00224326160896816","0","8","TFAP4"
"Etv2(ETS)/ES-ER71-ChIP-Seq(GSE59402)/Homer","NNAYTTCCTGHN","1e0","-5.402e-01","0.7992","502.0","9.64","4242.7","9.72","0.991769547325103","-0.00358923102344379","0","24","ETV2"
"MYNN(Zf)/HEK293-MYNN.eGFP-ChIP-Seq(Encode)/Homer","TTCAAAWTAAAAGTC","1e0","-5.266e-01","0.8076","99.0","1.90","846.7","1.94","0.979381443298969","-0.0090481289773971","0","159","MYNN"
"SCRT1(Zf)/HEK293-SCRT1.eGFP-ChIP-Seq(Encode)/Homer","GCAACAGGTG","1e0","-5.224e-01","0.8084","218.0","4.18","1853.8","4.25","0.983529411764706","-0.00721264827527639","0","110","SCRT1"
"EWS:ERG-fusion(ETS)/CADO_ES1-EWS:ERG-ChIP-Seq(SRA014231)/Homer","ATTTCCTGTN","1e0","-5.178e-01","0.8096","358.0","6.87","3035.3","6.95","0.988489208633094","-0.00502806753056345","0","24","EWSR1_ERG_fusion"
"BHLHA15(bHLH)/NIH3T3-BHLHB8.HA-ChIP-Seq(GSE119782)/Homer","NAMCAGCTGK","1e0","-5.169e-01","0.8096","904.0","17.35","7631.0","17.47","0.993131081854608","-0.00299342585603834","0","8","BHLHA15"
"MafF(bZIP)/HepG2-MafF-ChIP-Seq(GSE31477)/Homer","HWWGTCAGCAWWTTT","1e0","-5.095e-01","0.8112","111.0","2.13","950.1","2.18","0.977064220183486","-0.0100768901658671","0","86","MAFF"
"EWS:FLI1-fusion(ETS)/SK_N_MC-EWS:FLI1-ChIP-Seq(SRA014231)/Homer","VACAGGAAAT","1e0","-5.057e-01","0.8117","310.0","5.95","2633.8","6.03","0.986733001658375","-0.00580034641160177","0","24","EWSR1_FLI1_fusion"
"CEBP:CEBP(bZIP)/MEF-Chop-ChIP-Seq(GSE35681)/Homer","NTNATGCAAYMNNHTGMAAY","1e0","-4.869e-01","0.8245","40.0","0.77","348.3","0.80","0.9625","-0.0165992618194617","0","102","CEBP_CEBP"
"ZNF528(Zf)/HEK293-ZNF528.GFP-ChIP-Seq(GSE58341)/Homer","AGAAATGACTTCCCT","1e0","-4.861e-01","0.8245","1.0","0.02","8.8","0.02","1","0","0","62","ZNF528"
"GATA3(Zf)/iTreg-Gata3-ChIP-Seq(GSE20898)/Homer","AGATAASR","1e0","-4.847e-01","0.8245","621.0","11.92","5260.1","12.05","0.989211618257261","-0.0047107915066696","0","31","GATA3"
"CUX1(Homeobox)/K562-CUX1-ChIP-Seq(GSE92882)/Homer","TATCGATNAN","1e0","-4.795e-01","0.8245","281.0","5.39","2394.5","5.48","0.983576642335766","-0.00719179329763053","0","75","CUX1"
"Oct4(POU Homeobox)/mES-Oct4-ChIP-Seq(GSE11431)/Homer","ATTTGCATAW","1e0","-4.794e-01","0.8245","164.0","3.15","1404.2","3.22","0.978260869565217","-0.00954531790623044","0","93","OCT4(POU5F1)"
"Eomes(T-box)/H9-Eomes-ChIP-Seq(GSE26097)/Homer","ATTAACACCT","1e0","-4.750e-01","0.8245","1274.0","24.45","10756.9","24.63","0.992691839220463","-0.00318554837946414","0","41","EOMES"
"NRF(NRF)/Promoter/Homer","STGCGCATGCGC","1e0","-4.612e-01","0.8304","88.0","1.69","761.0","1.74","0.971264367816092","-0.0126625436689262","0","7","NRF1"
"NFAT(RHD)/Jurkat-NFATC1-ChIP-Seq(Jolma_et_al.)/Homer","ATTTTCCATT","1e0","-4.486e-01","0.8383","364.0","6.99","3103.4","7.11","0.983122362869198","-0.0073924249840849","0","17","NFATC1"
"Fli1(ETS)/CD8-FLI-ChIP-Seq(GSE20898)/Homer","NRYTTCCGGH","1e0","-4.373e-01","0.8452","645.0","12.38","5478.6","12.55","0.986454183266932","-0.00592308113295779","0","24","FLI1"
"CTCF-SatelliteElement(Zf?)/CD4+-CTCF-ChIP-Seq(Barski_et_al.)/Homer","TGCAGTTCCMVNWRTGGCCA","1e0","-4.169e-01","0.8600","5.0","0.10","47.4","0.11","0.909090909090909","-0.041392685158225","0","20","CTCF-SatelliteElement"
"Elf4(ETS)/BMDM-Elf4-ChIP-Seq(GSE88699)/Homer","ACTTCCKGKT","1e0","-4.090e-01","0.8642","545.0","10.46","4644.4","10.63","0.984007525870179","-0.00700157999204134","0","24","ELF4"
"Twist2(bHLH)/Myoblast-Twist2.Ty1-ChIP-Seq(GSE127998)/Homer","MCAGCTGBYH","1e0","-4.059e-01","0.8642","1126.0","21.61","9542.5","21.85","0.989016018306636","-0.00479667442319934","0","8","TWIST2"
"NeuroG2(bHLH)/Fibroblast-NeuroG2-ChIP-Seq(GSE75910)/Homer","ACCATCTGTT","1e0","-3.934e-01","0.8725","953.0","18.29","8091.3","18.53","0.987048030221263","-0.00566171384248072","0","8","NEUROG2"
"E2F4(E2F)/K562-E2F4-ChIP-Seq(GSE31477)/Homer","GGCGGGAAAH","1e0","-3.920e-01","0.8725","169.0","3.24","1464.0","3.35","0.967164179104478","-0.0144997968302331","0","5","E2F4"
"MyoG(bHLH)/C2C12-MyoG-ChIP-Seq(GSE36024)/Homer","AACAGCTG","1e0","-3.839e-01","0.8755","873.0","16.76","7421.3","16.99","0.986462625073573","-0.00591936457478784","0","8","MYOG"
"PSE(SNAPc)/K562-mStart-Seq/Homer","WAVTCACCMTAASYDAAAAG","1e0","-3.811e-01","0.8755","207.0","3.97","1789.9","4.10","0.968292682926829","-0.0139933499566204","0","126","PSE"
"Zfp809(Zf)/ES-Zfp809-ChIP-Seq(GSE70799)/Homer","GGGGCTYGKCTGGGA","1e0","-3.766e-01","0.8767","68.0","1.31","601.9","1.38","0.949275362318841","-0.0226077907454722","0","131","Zfp809(mouse)"
"ZNF16(Zf)/HEK293-ZNF16.GFP-ChIP-Seq(GSE58341)/Homer","MACCTTCYATGGCTCCCTAKTGCCY","1e0","-3.504e-01","0.8973","6.0","0.12","59.6","0.14","0.857142857142857","-0.0669467896306133","0","65","ZNF16"
"Smad4(MAD)/ESC-SMAD4-ChIP-Seq(GSE29422)/Homer","VBSYGTCTGG","1e0","-3.471e-01","0.8976","1080.0","20.73","9183.1","21.03","0.985734664764622","-0.00623997059246028","0","138","SMAD4"
"GFY(?)/Promoter/Homer","ACTACAATTCCC","1e0","-3.102e-01","0.9285","20.0","0.38","189.0","0.43","0.883720930232558","-0.0536848589627764","0","45","GFY"
"Tcfcp2l1(CP2)/mES-Tcfcp2l1-ChIP-Seq(GSE11431)/Homer","NRAACCRGTTYRAACCRGYT","1e0","-2.902e-01","0.9445","94.0","1.80","840.9","1.93","0.932642487046632","-0.0302848039044677","0","1","TFCP2L1"
"Nkx2.2(Homeobox)/NPC-Nkx2.2-ChIP-Seq(GSE61673)/Homer","BTBRAGTGSN","1e0","-2.852e-01","0.9465","1131.0","21.71","9647.5","22.09","0.982797645993662","-0.00753589241701484","0","11","NKX2-2"
"EKLF(Zf)/Erythrocyte-Klf1-ChIP-Seq(GSE20478)/Homer","NWGGGTGTGGCY","1e0","-2.750e-01","0.9533","112.0","2.15","999.6","2.29","0.938864628820961","-0.0273970224242827","0","35","KLF1"
"ZBTB18(Zf)/HEK293-ZBTB18.GFP-ChIP-Seq(GSE58341)/Homer","AACATCTGGA","1e0","-2.498e-01","0.9748","325.0","6.24","2835.3","6.49","0.961479198767334","-0.0170601071179452","0","167","ZBTB18"
"E2F1(E2F)/Hela-E2F1-ChIP-Seq(GSE22478)/Homer","CWGGCGGGAA","1e0","-2.464e-01","0.9753","59.0","1.13","543.2","1.24","0.911290322580645","-0.0403432416788154","0","5","E2F1"
"GATA3(Zf) DR4/iTreg-Gata3-ChIP-Seq(GSE20898)/Homer","AGATGKDGAGATAAG","1e0","-2.442e-01","0.9753","26.0","0.50","250.5","0.57","0.87719298245614","-0.0569048513364726","0","144","GATA3"
"ZBTB33(Zf)/GM12878-ZBTB33-ChIP-Seq(GSE32465)/Homer","GGVTCTCGCGAGAAC","1e0","-2.374e-01","0.9784","7.0","0.13","75.5","0.17","0.764705882352941","-0.116505569071437","0","136","ZBTB33"
"Gli2(Zf)/GM2-Gli2-ChIP-Chip(GSE112702)/Homer","YSTGGGTGGTCT","1e0","-2.265e-01","0.9863","97.0","1.86","880.1","2.02","0.920792079207921","-0.0358384252287075","0","2","GIL2"
"T1ISRE(IRF)/ThioMac-Ifnb-Expression/Homer","ACTTTCGTTTCT","1e0","-2.252e-01","0.9863","2.0","0.04","25.3","0.06","0.666666666666667","-0.176091259055681","0","49","SRF(SRE)"
"NFAT:AP1(RHD bZIP)/Jurkat-NFATC1-ChIP-Seq(Jolma_et_al.)/Homer","SARTGGAAAAWRTGAGTCAB","1e0","-2.200e-01","0.9870","52.0","1.00","486.5","1.11","0.900900900900901","-0.0453229787866575","0","17","NFAT_AP1_complex"
"RUNX1(Runt)/Jurkat-RUNX1-ChIP-Seq(GSE29180)/Homer","AAACCACARM","1e0","-2.080e-01","0.9960","561.0","10.77","4867.7","11.15","0.965919282511211","-0.0150591640861979","0","43","RUNX1"
"PR(NR)/T47D-PR-ChIP-Seq(GSE31130)/Homer","VAGRACAKNCTGTBC","1e0","-2.071e-01","0.9960","1031.0","19.79","8854.2","20.27","0.976319684262457","-0.0104079544866124","0","80","PGR(NR)"
"Atoh1(bHLH)/Cerebellum-Atoh1-ChIP-Seq(GSE22111)/Homer","VNRVCAGCTGGY","1e0","-2.026e-01","0.9960","700.0","13.44","6052.7","13.86","0.96969696969697","-0.0133639615579815","0","8","ATOH1"
"p53(p53)/mES-cMyc-ChIP-Seq(GSE11431)/Homer","ACATGCCCGGGCAT","1e0","-2.025e-01","0.9960","3.0","0.06","37.3","0.09","0.666666666666667","-0.176091259055681","0","1","TP53"
"ARE(NR)/LNCAP-AR-ChIP-Seq(GSE27824)/Homer","RGRACASNSTGTYCYB","1e0","-2.009e-01","0.9960","95.0","1.82","869.1","1.99","0.914572864321608","-0.0387816884246319","0","79","AR(NR)"
"FOXA1:AR(Forkhead NR)/LNCAP-AR-ChIP-Seq(GSE27824)/Homer","AGTAAACAAAAAAGAACAND","1e0","-1.978e-01","0.9960","24.0","0.46","238.1","0.55","0.836363636363636","-0.0776048578126698","0","28","FOXA1"
"GATA(Zf) IR3/iTreg-Gata3-ChIP-Seq(GSE20898)/Homer","NNNNNBAGATAWYATCTVHN","1e0","-1.954e-01","0.9960","50.0","0.96","473.3","1.08","0.888888888888889","-0.0511525224473813","0","38","GATA3"
"ERE(NR) IR3/MCF7-ERa-ChIP-Seq(Unpublished)/Homer","VAGGTCACNSTGACC","1e0","-1.839e-01","1.0000","147.0","2.82","1328.1","3.04","0.927631578947368","-0.0326244752893927","0","18","ESR1(NR)"
"GABPA(ETS)/Jurkat-GABPa-ChIP-Seq(GSE17954)/Homer","RACCGGAAGT","1e0","-1.830e-01","1.0000","487.0","9.35","4251.9","9.74","0.959958932238193","-0.0177473460060978","0","24","GABPA"
"CArG(MADS)/PUER-Srf-ChIP-Seq(Sullivan_et_al.)/Homer","CCATATATGGNM","1e0","-1.617e-01","1.0000","102.0","1.96","942.6","2.16","0.907407407407407","-0.0421976797944549","0","98","SRF"
"GFX(?)/Promoter/Homer","ATTCTCGCGAGA","1e0","-1.604e-01","1.0000","1.0","0.02","16.4","0.04","0.5","-0.301029995663981","0","136","GFX"
"GRE(NR) IR3/RAW264.7-GRE-ChIP-Seq(Unpublished)/Homer","VAGRACAKWCTGTYC","1e0","-1.480e-01","1.0000","94.0","1.80","876.9","2.01","0.895522388059702","-0.0479235523171827","0","78","GRE(NR)"
"GATA(Zf) IR4/iTreg-Gata3-ChIP-Seq(GSE20898)/Homer","NAGATWNBNATCTNN","1e0","-1.465e-01","1.0000","36.0","0.69","358.0","0.82","0.841463414634146","-0.0749647616464614","0","135","GATA3"
"ZKSCAN1(Zf)/HepG2-ZKSCAN1-ChIP-Seq(Encode)/Homer","GCACAYAGTAGGKCY","1e0","-1.438e-01","1.0000","3.0","0.06","41.2","0.09","0.666666666666667","-0.176091259055681","0","123","ZKSCAN1"
"TRPS1(Zf)/MCF7-TRPS1-ChIP-Seq(GSE107013)/Homer","AGATAAGANN","1e0","-1.387e-01","1.0000","812.0","15.59","7053.8","16.15","0.965325077399381","-0.01532641147828","0","31","TRPS1"
"ZNF416(Zf)/HEK293-ZNF416.GFP-ChIP-Seq(GSE58341)/Homer","WDNCTGGGCA","1e0","-1.338e-01","1.0000","380.0","7.29","3366.5","7.71","0.945525291828794","-0.0243268497329824","0","41","ZNF416"
"Pitx1:Ebox(Homeobox bHLH)/Hindlimb-Pitx1-ChIP-Seq(GSE41591)/Homer","YTAATTRAWWCCAGATGT","1e0","-1.216e-01","1.0000","79.0","1.52","752.3","1.72","0.883720930232558","-0.0536848589627764","0","8","PITX1"
"Tbr1(T-box)/Cortex-Tbr1-ChIP-Seq(GSE71384)/Homer","AAGGTGTKAA","1e0","-1.150e-01","1.0000","852.0","16.35","7417.7","16.99","0.96233078281342","-0.0166756218727406","0","41","TBR1"
"OCT:OCT(POU Homeobox IR1)/NPC-Brn2-ChIP-Seq(GSE35496)/Homer","ATGAATWATTCATGA","1e0","-1.017e-01","1.0000","3.0","0.06","45.8","0.10","0.6","-0.221848749616356","0","37","BRN2(POU3F2)"
"Mouse_Recombination_Hotspot(Zf)/Testis-DMC1-ChIP-Seq(GSE24438)/Homer","ACTYKNATTCGTGNTACTTC","1e0","-1.015e-01","1.0000","22.0","0.42","238.0","0.54","0.777777777777778","-0.109144469425068","0","173","DMC1"
"Hand2(bHLH)/Mesoderm-Hand2-ChIP-Seq(GSE61475)/Homer","TGACANARRCCAGRC","1e0","-1.000e-01","1.0000","247.0","4.74","2240.9","5.13","0.923976608187135","-0.0343390234377312","0","105","HAND2"
"RUNX(Runt)/HPC7-Runx1-ChIP-Seq(GSE22178)/Homer","SAAACCACAG","1e0","-9.485e-02","1.0000","401.0","7.70","3578.4","8.19","0.94017094017094","-0.0267931765879366","0","42","RUNX1"
"ZNF264(Zf)/HEK293-ZNF264.GFP-ChIP-Seq(GSE58341)/Homer","RGGGCACTAACY","1e0","-8.526e-02","1.0000","259.0","4.97","2356.2","5.40","0.92037037037037","-0.0360373710896364","0","65","ZNF264"
"STAT4(Stat)/CD4-Stat4-ChIP-Seq(GSE22104)/Homer","NYTTCCWGGAAR","1e0","-8.407e-02","1.0000","283.0","5.43","2566.9","5.88","0.923469387755102","-0.0345774964872916","0","23","STAT4"
"Pit1(Homeobox)/GCrat-Pit1-ChIP-Seq(GSE58009)/Homer","ATGMATATDC","1e0","-8.125e-02","1.0000","298.0","5.72","2699.0","6.18","0.925566343042071","-0.0335924462957916","0","3","PIT1(POU1F1)"
"ETV1(ETS)/GIST48-ETV1-ChIP-Seq(GSE22441)/Homer","AACCGGAAGT","1e0","-7.195e-02","1.0000","734.0","14.09","6465.3","14.80","0.952027027027027","-0.021350722285601","0","24","ETV1"
"Nkx2.5(Homeobox)/HL1-Nkx2.5.biotin-ChIP-Seq(GSE21529)/Homer","RRSCACTYAA","1e0","-6.897e-02","1.0000","1104.0","21.19","9625.5","22.04","0.961433756805808","-0.0170806334689528","0","11","NKX2-5"
"GLI3(Zf)/Limb-GLI3-ChIP-Chip(GSE11077)/Homer","CGTGGGTGGTCC","1e0","-6.343e-02","1.0000","45.0","0.86","468.0","1.07","0.803738317757009","-0.0948853264416419","0","2","GIL3"
"Rfx6(HTH)/Min6b1-Rfx6.HA-ChIP-Seq(GSE62844)/Homer","TGTTKCCTAGCAACM","1e0","-4.981e-02","1.0000","479.0","9.19","4308.3","9.87","0.931104356636272","-0.0310016412835254","0","46","RFX6"
"HINFP(Zf)/K562-HINFP.eGFP-ChIP-Seq(Encode)/Homer","TWVGGTCCGC","1e0","-4.881e-02","1.0000","140.0","2.69","1341.5","3.07","0.876221498371336","-0.0573860954747785","0","104","HINFP"
"Myf5(bHLH)/GM-Myf5-ChIP-Seq(GSE24852)/Homer","BAACAGCTGT","1e0","-4.751e-02","1.0000","586.0","11.25","5236.6","11.99","0.938281901584654","-0.0276666606514674","0","8","MYF5"
"ZNF165(Zf)/WHIM12-ZNF165-ChIP-Seq(GSE65937)/Homer","AAGGKGRCGCAGGCA","1e0","-4.525e-02","1.0000","44.0","0.84","468.4","1.07","0.785046728971963","-0.105104491623328","0","98","ZNF165"
"STAT6(Stat)/Macrophage-Stat6-ChIP-Seq(GSE38377)/Homer","TTCCKNAGAA","1e0","-4.030e-02","1.0000","167.0","3.21","1592.2","3.65","0.879452054794521","-0.0557878320516026","0","111","STAT6"
"ZNF322(Zf)/HEK293-ZNF322.GFP-ChIP-Seq(GSE58341)/Homer","GAGCCTGGTACTGWGCCTGR","1e0","-3.538e-02","1.0000","103.0","1.98","1022.5","2.34","0.846153846153846","-0.0725506671486117","0","167","ZNF322"
"ZNF136(Zf)/HEK293-ZNF136.GFP-ChIP-Seq(GSE58341)/Homer","YTKGATAHAGTATTCTWGGTNGGCA","1e0","-3.039e-02","1.0000","11.0","0.21","151.0","0.35","0.6","-0.221848749616356","0","168","ZNF136"
"STAT6(Stat)/CD4-Stat6-ChIP-Seq(GSE22104)/Homer","ABTTCYYRRGAA","1e0","-2.889e-02","1.0000","169.0","3.24","1627.0","3.73","0.868632707774799","-0.0611638216020755","0","112","STAT6"
"E2F(E2F)/Hela-CellCycle-Expression/Homer","TTSGCGCGAAAA","1e0","-2.660e-02","1.0000","12.0","0.23","164.8","0.38","0.605263157894737","-0.218055760599217","0","157","E2F"
"SF1(NR)/H295R-Nr5a1-ChIP-Seq(GSE44220)/Homer","CAAGGHCANV","1e0","-2.612e-02","1.0000","171.0","3.28","1650.9","3.78","0.867724867724868","-0.0616179561255462","0","162","NR5A1(NR)"
"Smad2(MAD)/ES-SMAD2-ChIP-Seq(GSE29422)/Homer","CTGTCTGG","1e0","-2.409e-02","1.0000","1043.0","20.02","9225.5","21.13","0.947468054898249","-0.0234354239090135","0","137","SMAD2"
"ETS:E-box(ETS bHLH)/HPC7-Scl-ChIP-Seq(GSE22178)/Homer","AGGAARCAGCTG","1e0","-2.315e-02","1.0000","42.0","0.81","468.9","1.07","0.757009345794392","-0.12089875880656","0","98","ETS_E-box"
"ELF5(ETS)/T47D-ELF5-ChIP-Seq(GSE30407)/Homer","ACVAGGAAGT","1e0","-1.951e-02","1.0000","369.0","7.08","3421.7","7.84","0.903061224489796","-0.0442828049946694","0","24","ELF5"
"Pax7(Paired Homeobox) longest/Myoblast-Pax7-ChIP-Seq(GSE25064)/Homer","NTAATTDGCYAATTANNWWD","1e0","-1.524e-02","1.0000","3.0","0.06","66.8","0.15","0.4","-0.397940008672038","0","44","PAX7"
"NF1:FOXA1(CTF Forkhead)/LNCAP-FOXA1-ChIP-Seq(GSE27824)/Homer","WNTGTTTRYTTTGGCA","1e0","-1.209e-02","1.0000","12.0","0.23","177.9","0.41","0.560975609756098","-0.251056020702143","0","55","FOXA1_NF1"
"OCT:OCT-short(POU Homeobox)/NPC-OCT6-ChIP-Seq(GSE43916)/Homer","ATGCATWATGCATRW","1e0","-1.196e-02","1.0000","186.0","3.57","1823.1","4.17","0.856115107913669","-0.0674678388615643","0","35","OCT6(POU3F1)"
"ELF3(ETS)/PDAC-ELF3-ChIP-Seq(GSE64557)/Homer","ANCAGGAAGT","1e0","-1.077e-02","1.0000","366.0","7.02","3433.3","7.86","0.893129770992366","-0.0490854339096026","0","24","ELF3"
"Stat3(Stat)/mES-Stat3-ChIP-Seq(GSE11431)/Homer","CTTCCGGGAA","1e0","-9.229e-03","1.0000","147.0","2.82","1480.3","3.39","0.831858407079646","-0.0799505898837211","0","23","STAT3"
"NFkB-p50 p52(RHD)/Monocyte-p50-ChIP-Chip(Schreiber_et_al.)/Homer","GGGGGAATCCCC","1e0","-8.556e-03","1.0000","38.0","0.73","454.0","1.04","0.701923076923077","-0.153710479178324","0","54","NFKB1"
"AR-halfsite(NR)/LNCaP-AR-ChIP-Seq(GSE27824)/Homer","CCAGGAACAG","1e0","-7.864e-03","1.0000","1724.0","33.09","15140.1","34.67","0.954427458898183","-0.0202570744965436","0","145","AR(NR)"
"Ptf1a(bHLH)/Panc1-Ptf1a-ChIP-Seq(GSE47459)/Homer","ACAGCTGTTN","1e0","-7.629e-03","1.0000","1800.0","34.55","15787.6","36.15","0.955739972337483","-0.0196602499203324","0","8","PTF1A"
"CHR(?)/Hela-CellCycle-Expression/Homer","SRGTTTCAAA","1e0","-6.782e-03","1.0000","218.0","4.18","2139.5","4.90","0.853061224489796","-0.0690197982534785","0","150","CHR"
"Elk4(ETS)/Hela-Elk4-ChIP-Seq(GSE31477)/Homer","NRYTTCCGGY","1e0","-6.089e-03","1.0000","318.0","6.10","3041.7","6.97","0.875179340028694","-0.0579029430872424","0","24","ELK4"
"Brachyury(T-box)/Mesoendoderm-Brachyury-ChIP-exo(GSE54963)/Homer","ANTTMRCASBNNNGTGYKAAN","1e0","-5.044e-03","1.0000","137.0","2.63","1412.5","3.23","0.814241486068111","-0.089246773841345","0","41","TBXT"
"Nr5a2(NR)/Pancreas-LRH1-ChIP-Seq(GSE34295)/Homer","BTCAAGGTCA","1e0","-4.936e-03","1.0000","259.0","4.97","2524.9","5.78","0.859861591695502","-0.065571449687197","0","71","NR5A2(NR)"
"Slug(Zf)/Mesoderm-Snai2-ChIP-Seq(GSE61475)/Homer","SNGCACCTGCHS","1e0","-3.218e-03","1.0000","295.0","5.66","2869.4","6.57","0.861491628614916","-0.0647489383715094","0","8","SNAI2"
"Zfp57(Zf)/H1-ZFP57.HA-ChIP-Seq(GSE115387)/Homer","NANTGCSGCA","1e0","-2.499e-03","1.0000","140.0","2.69","1466.7","3.36","0.800595238095238","-0.096586997387436","0","173","ZFP57"
"Pit1+1bp(Homeobox)/GCrat-Pit1-ChIP-Seq(GSE58009)/Homer","ATGCATAATTCA","1e0","-2.214e-03","1.0000","81.0","1.55","911.0","2.09","0.741626794258373","-0.129814587940762","0","36","PIT1(POU1F1)"
"PRDM15(Zf)/ESC-Prdm15-ChIP-Seq(GSE73694)/Homer","YCCDNTCCAGGTTTT","1e0","-1.932e-03","1.0000","434.0","8.33","4137.4","9.47","0.879619852164731","-0.0557049775964858","0","125","PRDM15"
"Bcl6(Zf)/Liver-Bcl6-ChIP-Seq(GSE31578)/Homer","NNNCTTTCCAGGAAA","1e0","-1.455e-03","1.0000","401.0","7.70","3859.4","8.84","0.8710407239819","-0.0599615398405912","0","23","BCL6"
"HEB(bHLH)/mES-Heb-ChIP-Seq(GSE53233)/Homer","VCAGCTGBNN","1e0","-1.412e-03","1.0000","1182.0","22.69","10674.3","24.44","0.928396072013093","-0.0322667056855807","0","8","TCF12"
"PGR(NR)/EndoStromal-PGR-ChIP-Seq(GSE69539)/Homer","AAGAACATWHTGTTC","1e0","-1.281e-03","1.0000","68.0","1.31","799.8","1.83","0.715846994535519","-0.145179794074665","0","80","PGR(NR)"
"ZNF341(Zf)/EBV-ZNF341-ChIP-Seq(GSE113194)/Homer","GGAACAGCCG","1e0","-1.167e-03","1.0000","320.0","6.14","3144.9","7.20","0.852777777777778","-0.0691641252901008","0","146","ZNF341"
"EBF(EBF)/proBcell-EBF-ChIP-Seq(GSE21978)/Homer","DGTCCCYRGGGA","1e0","-1.028e-03","1.0000","62.0","1.19","745.5","1.71","0.695906432748538","-0.157449148999623","0","89","EBF1"
"E2A(bHLH)/proBcell-E2A-ChIP-Seq(GSE21978)/Homer","DNRCAGCTGY","1e0","-9.410e-04","1.0000","927.0","17.79","8503.7","19.47","0.913713405238829","-0.0391900034361066","0","8","TCF3"
"Ascl2(bHLH)/ESC-Ascl2-ChIP-Seq(GSE97712)/Homer","SSRGCAGCTGCH","1e0","-7.800e-04","1.0000","729.0","13.99","6791.7","15.55","0.89967845659164","-0.0459126788710287","0","8","ASCL2"
"EBF2(EBF)/BrownAdipose-EBF2-ChIP-Seq(GSE97114)/Homer","NABTCCCWDGGGAVH","1e0","-4.650e-04","1.0000","289.0","5.55","2905.2","6.65","0.834586466165413","-0.0785286621804284","0","90","EBF2"
"NF1-halfsite(CTF)/LNCaP-NF1-ChIP-Seq(Unpublished)/Homer","YTGCCAAG","1e0","-4.270e-04","1.0000","627.0","12.03","5932.3","13.58","0.885861561119293","-0.0526341426046382","0","123","NF1"
"SPDEF(ETS)/VCaP-SPDEF-ChIP-Seq(SRA014231)/Homer","ASWTCCTGBT","1e0","-1.940e-04","1.0000","540.0","10.36","5205.9","11.92","0.869127516778523","-0.0609164999950034","0","47","SPDEF"
"DMRT6(DM)/Testis-DMRT6-ChIP-Seq(GSE60440)/Homer","YDGHTACAWTGTADC","1e0","-9.500e-05","1.0000","56.0","1.07","738.3","1.69","0.633136094674556","-0.198502926928464","0","133","Dmrtb1(mouse)"
"HIC1(Zf)/Treg-ZBTB29-ChIP-Seq(GSE99889)/Homer","TGCCAGCB","1e0","-8.900e-05","1.0000","817.0","15.68","7696.7","17.62","0.889897843359818","-0.0506598457276095","0","153","HIC1"
"DMRT1(DM)/Testis-DMRT1-ChIP-Seq(GSE64892)/Homer","TWGHWACAWTGTWDC","1e0","-3.700e-05","1.0000","67.0","1.29","872.7","2.00","0.645","-0.190440285364732","0","134","DMRT1"
"ZEB2(Zf)/SNU398-ZEB2-ChIP-Seq(GSE103048)/Homer","GNMCAGGTGTGC","1e0","-2.700e-05","1.0000","514.0","9.87","5069.7","11.61","0.850129198966408","-0.0705150670689371","0","8","ZEB2"
"EBF1(EBF)/Near-E2A-ChIP-Seq(GSE21512)/Homer","GTCCCCWGGGGA","1e0","-2.700e-05","1.0000","363.0","6.97","3700.7","8.47","0.822904368358914","-0.0846506322326976","0","118","EBF1"
"Nr5a2(NR)/mES-Nr5a2-ChIP-Seq(GSE19019)/Homer","BTCAAGGTCA","1e0","-3.000e-06","1.0000","167.0","3.21","1930.6","4.42","0.726244343891403","-0.13891723694422","0","72","NR5A2(NR)"
"AP-2alpha(AP2)/Hela-AP2alpha-ChIP-Seq(GSE31477)/Homer","ATGCCCTGAGGC","1e0","-1.000e-06","1.0000","228.0","4.38","2542.4","5.82","0.752577319587629","-0.123448874145789","0","114","TFAP2A"
"AP-2gamma(AP2)/MCF7-TFAP2C-ChIP-Seq(GSE21234)/Homer","SCCTSAGGSCAW","1e0","-1.000e-06","1.0000","324.0","6.22","3484.6","7.98","0.779448621553885","-0.108212506659911","0","115","TFAP2C"
"ZBTB12(Zf)/HEK293-ZBTB12.GFP-ChIP-Seq(GSE58341)/Homer","NGNTCTAGAACCNGV","1e0","-0.000e+00","1.0000","150.0","2.88","1831.1","4.19","0.687350835322196","-0.162821535207064","0","148","ZBTB12"
"ZEB1(Zf)/PDAC-ZEB1-ChIP-Seq(GSE64557)/Homer","VCAGGTRDRY","1e0","-0.000e+00","1.0000","888.0","17.04","8755.0","20.05","0.849875311720698","-0.0706447865255198","0","8","ZEB1"
"E2A(bHLH) near_PU.1/Bcell-PU.1-ChIP-Seq(GSE21512)/Homer","NVCACCTGBN","1e0","-0.000e+00","1.0000","792.0","15.20","7919.3","18.13","0.838389409817981","-0.0765542161507361","0","8","TCF3"
"DUX(Homeobox)/C2C12-Dux-ChIP-Seq(GSE87279)/Homer","BCWGATTCAATCAAN","1e0","0.000e+00","1.0000","0.0","0.00","13.7","0.03","0","0","0","152","DUX4"
"ZFP3(Zf)/HEK293-ZFP3.GFP-ChIP-Seq(GSE58341)/Homer","GGGTTTTGAAGGATGARTAGGAGTT","1e0","0.000e+00","1.0000","0.0","0.00","17.3","0.04","0","0","0","121","ZFP3"
