"Motif Name","Consensus","P-value","Log P-value","q-value (Benjamini)","# of Target Sequences with Motif(of 437)","% of Target Sequences with Motif","# of Background Sequences with Motif(of 49305)","% of Background Sequences with Motif","FC","log FC","Significance(-logpvalXFC)","clusterId","finalGene"
"NeuroD1(bHLH)/Islet-NeuroD1-ChIP-Seq(GSE30298)/Homer","GCCATCTGTT","1e-2","-5.906e+00","1.0000","40.0","9.15","2830.1","5.74","1.59407665505226","0.202509201668475","0.405018403336949","8","NEUROD1"
"PAX3:FKHR-fusion(Paired Homeobox)/Rh4-PAX3:FKHR-ChIP-Seq(GSE19063)/Homer","ACCRTGACTAATTNN","1e-2","-5.695e+00","1.0000","20.0","4.58","1138.4","2.31","1.98268398268398","0.297253498111725","0.594506996223449","49","PAX3_FKHR_fusion"
"Oct11(POU Homeobox)/NCIH1048-POU2F3-ChIP-seq(GSE115123)/Homer","GATTTGCATA","1e-2","-5.564e+00","1.0000","32.0","7.32","2169.1","4.40","1.66363636363636","0.221058404572204","0.442116809144409","93","OCT11(POU2F3)"
"Brn1(POU Homeobox)/NPC-Brn1-ChIP-Seq(GSE35496)/Homer","TATGCWAATBAV","1e-2","-5.288e+00","1.0000","32.0","7.32","2211.4","4.48","1.63392857142857","0.213233067060248","0.426466134120496","121","OCT8(POU3F3)"
"FOXA1(Forkhead)/MCF7-FOXA1-ChIP-Seq(GSE26831)/Homer","WAAGTAAACA","1e-2","-4.621e+00","1.0000","90.0","20.59","8020.6","16.26","1.26629766297663","0.102535805359982","0.205071610719964","30","FOXA1"
"NF1:FOXA1(CTF Forkhead)/LNCAP-FOXA1-ChIP-Seq(GSE27824)/Homer","WNTGTTTRYTTTGGCA","1e-1","-4.270e+00","1.0000","6.0","1.37","218.2","0.44","3.11363636363636","0.493267890670219","0.493267890670219","55","FOXA1_NF1"
"ZNF16(Zf)/HEK293-ZNF16.GFP-ChIP-Seq(GSE58341)/Homer","MACCTTCYATGGCTCCCTAKTGCCY","1e-1","-3.641e+00","1.0000","1.0","0.23","3.7","0.01","23","1.36172783601759","1.36172783601759","65","ZNF16"
"REST-NRSF(Zf)/Jurkat-NRSF-ChIP-Seq/Homer","GGMGCTGTCCATGGTGCTGA","1e-1","-3.582e+00","1.0000","2.0","0.46","29.4","0.06","7.66666666666667","0.88460658129793","0.88460658129793","50","REST"
"TR4(NR) DR1/Hela-TR4-ChIP-Seq(GSE24685)/Homer","GAGGTCAAAGGTCA","1e-1","-3.543e+00","1.0000","8.0","1.83","403.7","0.82","2.23170731707317","0.348637237346713","0.348637237346713","22","NR2C2(NR)"
"Maz(Zf)/HepG2-Maz-ChIP-Seq(GSE31477)/Homer","GGGGGGGG","1e-1","-3.380e+00","1.0000","34.0","7.78","2757.5","5.59","1.391771019678","0.143567789103266","0.143567789103266","102","MAZ"
"THRb(NR)/Liver-NR1A2-ChIP-Seq(GSE52613)/Homer","TRAGGTCA","1e-1","-3.323e+00","1.0000","158.0","36.16","15787.6","32.00","1.13","0.0530784434834197","0.0530784434834197","61","THRB(NR)"
"Foxa2(Forkhead)/Liver-Foxa2-ChIP-Seq(GSE25694)/Homer","CYTGTTTACWYW","1e-1","-3.256e+00","1.0000","63.0","14.42","5694.8","11.54","1.24956672443674","0.0967594515636976","0.0967594515636976","30","FOXA2"
"Ronin(THAP)/ES-Thap11-ChIP-Seq(GSE51522)/Homer","RACTACAACTCCCAGVAKGC","1e-1","-3.230e+00","1.0000","3.0","0.69","84.3","0.17","4.05882352941176","0.608400169358981","0.608400169358981","45","THAP11"
"Oct6(POU Homeobox)/NPC-Pou3f1-ChIP-Seq(GSE35496)/Homer","WATGCAAATGAG","1e-1","-3.229e+00","1.0000","35.0","8.01","2890.4","5.86","1.36689419795222","0.135734900066147","0.135734900066147","121","OCT6(POU3F1)"
"Hoxb4(Homeobox)/ES-Hoxb4-ChIP-Seq(GSE34014)/Homer","TGATTRATGGCY","1e-1","-3.167e+00","1.0000","16.0","3.66","1113.6","2.26","1.61946902654867","0.20937264624701","0.20937264624701","10","HOXB4"
"PRDM9(Zf)/Testis-DMC1-ChIP-Seq(GSE35498)/Homer","ADGGYAGYAGCATCT","1e-1","-3.100e+00","1.0000","18.0","4.12","1304.6","2.64","1.56060606060606","0.193293289163303","0.193293289163303","167","PRDM9"
"Hoxd13(Homeobox)/ChickenMSG-Hoxd13.Flag-ChIP-Seq(GSE86088)/Homer","NCYAATAAAA","1e-1","-3.050e+00","1.0000","118.0","27.00","11577.6","23.47","1.15040477204942","0.0608506745603947","0.0608506745603947","32","HOXD13"
"RORg(NR)/Liver-Rorc-ChIP-Seq(GSE101115)/Homer","WAABTAGGTCAV","1e-1","-3.048e+00","1.0000","8.0","1.83","446.4","0.90","2.03333333333333","0.308208580291105","0.308208580291104","4","RORG(NR)"
"TATA-Box(TBP)/Promoter/Homer","CCTTTTAWAGSC","1e-1","-3.031e+00","1.0000","85.0","19.45","8068.3","16.35","1.18960244648318","0.0754018486654216","0.0754018486654216","164","TBP"
"FOXA1(Forkhead)/LNCAP-FOXA1-ChIP-Seq(GSE27824)/Homer","WAAGTAAACA","1e-1","-2.896e+00","1.0000","98.0","22.43","9505.6","19.27","1.16398546964193","0.0659475589275148","0.0659475589275148","30","FOXA1"
"Atoh1(bHLH)/Cerebellum-Atoh1-ChIP-Seq(GSE22111)/Homer","VNRVCAGCTGGY","1e-1","-2.864e+00","1.0000","48.0","10.98","4290.8","8.70","1.26206896551724","0.101083087495455","0.101083087495455","8","ATOH1"
"HIF-1a(bHLH)/MCF7-HIF1a-ChIP-Seq(GSE28352)/Homer","TACGTGCV","1e-1","-2.857e+00","1.0000","19.0","4.35","1439.5","2.92","1.48972602739726","0.173106405506219","0.173106405506219","163","HIF1A"
"OCT:OCT(POU Homeobox IR1)/NPC-Brn2-ChIP-Seq(GSE35496)/Homer","ATGAATWATTCATGA","1e-1","-2.839e+00","1.0000","4.0","0.92","163.5","0.33","2.78787878787879","0.445273887467668","0.445273887467668","37","BRN2(POU3F2)"
"Tbr1(T-box)/Cortex-Tbr1-ChIP-Seq(GSE71384)/Homer","AAGGTGTKAA","1e-1","-2.829e+00","1.0000","88.0","20.14","8471.8","17.17","1.17297612114153","0.0692891710566827","0.0692891710566827","41","TBR1"
"GFY-Staf(? Zf)/Promoter/Homer","RACTACAATTCCCAGAAKGC","1e-1","-2.821e+00","1.0000","4.0","0.92","164.9","0.33","2.78787878787879","0.445273887467668","0.445273887467668","46","GFY"
"ZFX(Zf)/mES-Zfx-ChIP-Seq(GSE11431)/Homer","AGGCCTRG","1e-1","-2.766e+00","1.0000","29.0","6.64","2417.6","4.90","1.35510204081633","0.131971999339504","0.131971999339504","84","ZFX"
"HOXA1(Homeobox)/mES-Hoxa1-ChIP-Seq(SRP084292)/Homer","TGATKGATGR","1e-1","-2.726e+00","1.0000","23.0","5.26","1844.0","3.74","1.40641711229947","0.148114141953259","0.148114141953259","10","HOXA1"
"Oct2(POU Homeobox)/Bcell-Oct2-ChIP-Seq(GSE21512)/Homer","ATATGCAAAT","1e-1","-2.690e+00","1.0000","25.0","5.72","2045.5","4.15","1.37831325301205","0.139347932080931","0.139347932080931","94","OCT2(POU2F2)"
"GLIS3(Zf)/Thyroid-Glis3.GFP-ChIP-Seq(GSE103297)/Homer","CTCCCTGGGAGGCCN","1e-1","-2.658e+00","1.0000","34.0","7.78","2940.3","5.96","1.30536912751678","0.115733337249452","0.115733337249452","14","GLIS3"
"NFAT(RHD)/Jurkat-NFATC1-ChIP-Seq(Jolma_et_al.)/Homer","ATTTTCCATT","1e-1","-2.631e+00","1.0000","46.0","10.53","4163.0","8.44","1.24763033175355","0.0960859245598314","0.0960859245598314","17","NFATC1"
"Ascl1(bHLH)/NeuralTubes-Ascl1-ChIP-Seq(GSE55840)/Homer","NNVVCAGCTGBN","1e-1","-2.611e+00","1.0000","57.0","13.04","5303.7","10.75","1.21302325581395","0.0838691271442772","0.0838691271442772","8","ASCL1"
"Foxa3(Forkhead)/Liver-Foxa3-ChIP-Seq(GSE77670)/Homer","BSNTGTTTACWYWGN","1e-1","-2.597e+00","1.0000","28.0","6.41","2361.2","4.79","1.33820459290188","0.126522516104254","0.126522516104254","29","FOXA3"
"FOXM1(Forkhead)/MCF7-FOXM1-ChIP-Seq(GSE72977)/Homer","TRTTTACTTW","1e-1","-2.546e+00","1.0000","79.0","18.08","7641.5","15.49","1.1672046481601","0.0671470083801385","0.0671470083801385","30","FOXM1"
"PAX5(Paired Homeobox)/GM12878-PAX5-ChIP-Seq(GSE32465)/Homer","GCAGCCAAGCRTGACH","1e-1","-2.525e+00","1.0000","16.0","3.66","1220.1","2.47","1.48178137651822","0.170784132134745","0.170784132134745","6","PAX5"
"NF1-halfsite(CTF)/LNCaP-NF1-ChIP-Seq(Unpublished)/Homer","YTGCCAAG","1e-1","-2.454e+00","1.0000","60.0","13.73","5677.8","11.51","1.19287576020851","0.0765952136069634","0.0765952136069633","123","NF1"
"ZNF711(Zf)/SHSY5Y-ZNF711-ChIP-Seq(GSE20673)/Homer","AGGCCTAG","1e-1","-2.450e+00","1.0000","42.0","9.61","3813.8","7.73","1.24320827943079","0.0945438937502204","0.0945438937502204","85","ZNF711"
"Gfi1b(Zf)/HPC7-Gfi1b-ChIP-Seq(GSE22178)/Homer","MAATCACTGC","1e-1","-2.424e+00","1.0000","36.0","8.24","3211.0","6.51","1.26574500768049","0.102346223128924","0.102346223128924","54","GFI1B"
"CTCF(Zf)/CD4+-CTCF-ChIP-Seq(Barski_et_al.)/Homer","AYAGTGCCMYCTRGTGGCCA","1e-1","-2.389e+00","1.0000","12.0","2.75","873.4","1.77","1.55367231638418","0.191359427468456","0.191359427468456","83","CTCF"
"BORIS(Zf)/K562-CTCFL-ChIP-Seq(GSE32465)/Homer","CNNBRGCGCCCCCTGSTGGC","1e-1","-2.365e+00","1.0000","13.0","2.97","970.0","1.97","1.50761421319797","0.178290223155619","0.178290223155619","83","CTCFL"
"Bcl11a(Zf)/HSPC-BCL11A-ChIP-Seq(GSE104676)/Homer","TYTGACCASWRG","1e-1","-2.353e+00","1.0000","32.0","7.32","2827.9","5.73","1.27748691099476","0.106356459091002","0.106356459091002","130","BCL11A"
"HIF2a(bHLH)/785_O-HIF2a-ChIP-Seq(GSE34871)/Homer","GCACGTACCC","1e-1","-2.342e+00","1.0000","25.0","5.72","2130.2","4.32","1.32407407407407","0.121912281978112","0.121912281978112","81","EPAS1"
"NeuroG2(bHLH)/Fibroblast-NeuroG2-ChIP-Seq(GSE75910)/Homer","ACCATCTGTT","1e-1","-2.338e+00","1.0000","68.0","15.56","6568.8","13.31","1.16904583020286","0.067831537178995","0.067831537178995","8","NEUROG2"
"Tgif2(Homeobox)/mES-Tgif2-ChIP-Seq(GSE55404)/Homer","TGTCANYT","1e-1","-2.328e+00","1.0000","179.0","40.96","18666.6","37.84","1.08245243128964","0.0344088202380191","0.0344088202380191","94","TGIF2"
"Nr5a2(NR)/Pancreas-LRH1-ChIP-Seq(GSE34295)/Homer","BTCAAGGTCA","1e-1","-2.313e+00","1.0000","20.0","4.58","1646.6","3.34","1.37125748502994","0.137119011192305","0.137119011192305","71","NR5A2(NR)"
"Znf263(Zf)/K562-Znf263-ChIP-Seq(GSE31477)/Homer","CVGTSCTCCC","1e0","-2.260e+00","1.0000","72.0","16.48","7028.7","14.25","1.15649122807018","0.063142343016568","0","80","ZNF263"
"CTCF-SatelliteElement(Zf?)/CD4+-CTCF-ChIP-Seq(Barski_et_al.)/Homer","TGCAGTTCCMVNWRTGGCCA","1e0","-2.224e+00","1.0000","2.0","0.46","63.8","0.13","3.53846153846154","0.548814479374737","0","20","CTCF-SatelliteElement"
"TEAD1(TEAD)/HepG2-TEAD1-ChIP-Seq(Encode)/Homer","CYRCATTCCA","1e0","-2.206e+00","1.0000","31.0","7.09","2770.7","5.62","1.26156583629893","0.100909919614005","0","28","TEAD1"
"Dlx3(Homeobox)/Kerainocytes-Dlx3-ChIP-Seq(GSE89884)/Homer","NDGTAATTAC","1e0","-2.206e+00","1.0000","54.0","12.36","5149.9","10.44","1.18390804597701","0.0733179720865537","0","43","DLX3"
"Otx2(Homeobox)/EpiLC-Otx2-ChIP-Seq(GSE56098)/Homer","NYTAATCCYB","1e0","-2.205e+00","1.0000","42.0","9.61","3898.4","7.90","1.21645569620253","0.0850962963781039","0","37","OTX2"
"Pdx1(Homeobox)/Islet-Pdx1-ChIP-Seq(SRA008281)/Homer","YCATYAATCA","1e0","-2.199e+00","1.0000","74.0","16.93","7270.9","14.74","1.14857530529172","0.0601594745859025","0","10","PDX1"
"HOXB13(Homeobox)/ProstateTumor-HOXB13-ChIP-Seq(GSE56288)/Homer","TTTTATKRGG","1e0","-2.193e+00","1.0000","74.0","16.93","7273.5","14.74","1.14857530529172","0.0601594745859025","0","32","HOXB13"
"Lhx2(Homeobox)/HFSC-Lhx2-ChIP-Seq(GSE48068)/Homer","TAATTAGN","1e0","-2.182e+00","1.0000","77.0","17.62","7599.7","15.40","1.14415584415584","0.058485183239566","0","44","LHX2"
"Smad3(MAD)/NPC-Smad3-ChIP-Seq(GSE36673)/Homer","TWGTCTGV","1e0","-2.171e+00","1.0000","122.0","27.92","12477.9","25.29","1.10399367338869","0.0429665846067187","0","135","SMAD3"
"GFX(?)/Promoter/Homer","ATTCTCGCGAGA","1e0","-2.148e+00","1.0000","2.0","0.46","66.0","0.13","3.53846153846154","0.548814479374737","0","136","GFX"
"Lhx1(Homeobox)/EmbryoCarcinoma-Lhx1-ChIP-Seq(GSE70957)/Homer","NNYTAATTAR","1e0","-2.142e+00","1.0000","87.0","19.91","8693.3","17.62","1.12996594778661","0.0530653559513804","0","44","LHX1"
"TEAD3(TEA)/HepG2-TEAD3-ChIP-Seq(Encode)/Homer","TRCATTCCAG","1e0","-2.133e+00","1.0000","39.0","8.92","3614.4","7.33","1.21691678035471","0.0852608797349951","0","28","TEAD3"
"ZNF768(Zf)/Rajj-ZNF768-ChIP-Seq(GSE111879)/Homer","RHHCAGAGAGGB","1e0","-2.123e+00","1.0000","2.0","0.46","67.2","0.14","3.28571428571429","0.516629796003336","0","175","ZNF768"
"CUX1(Homeobox)/K562-CUX1-ChIP-Seq(GSE92882)/Homer","TATCGATNAN","1e0","-2.117e+00","1.0000","65.0","14.87","6350.6","12.87","1.15540015540016","0.0627324216175675","0","75","CUX1"
"Tbx20(T-box)/Heart-Tbx20-ChIP-Seq(GSE29636)/Homer","GGTGYTGACAGS","1e0","-2.096e+00","1.0000","12.0","2.75","923.4","1.87","1.47058823529412","0.167491087293764","0","106","TBX20"
"TEAD4(TEA)/Tropoblast-Tead4-ChIP-Seq(GSE37350)/Homer","CCWGGAATGY","1e0","-2.079e+00","1.0000","27.0","6.18","2404.0","4.87","1.26899383983573","0.103459513874181","0","28","TEAD4"
"Smad4(MAD)/ESC-SMAD4-ChIP-Seq(GSE29422)/Homer","VBSYGTCTGG","1e0","-2.079e+00","1.0000","76.0","17.39","7543.8","15.29","1.13734466971877","0.0558920965903924","0","138","SMAD4"
"ZNF467(Zf)/HEK293-ZNF467.GFP-ChIP-Seq(GSE58341)/Homer","TGGGGAAGGGCM","1e0","-2.068e+00","1.0000","21.0","4.81","1804.6","3.66","1.31420765027322","0.118663990979421","0","139","ZNF467"
"TEAD(TEA)/Fibroblast-PU.1-ChIP-Seq(Unpublished)/Homer","YCWGGAATGY","1e0","-2.052e+00","1.0000","21.0","4.81","1808.3","3.67","1.31062670299728","0.117479012121742","0","27","TEAD2"
"Ets1-distal(ETS)/CD4+-PolII-ChIP-Seq(Barski_et_al.)/Homer","MACAGGAAGT","1e0","-2.047e+00","1.0000","13.0","2.97","1027.1","2.08","1.42788461538462","0.154693114354451","0","24","ETS1"
"Gata1(Zf)/K562-GATA1-ChIP-Seq(GSE18829)/Homer","SAGATAAGRV","1e0","-2.045e+00","1.0000","26.0","5.95","2312.9","4.69","1.26865671641791","0.103344123013466","0","31","GATA1"
"Jun-AP1(bZIP)/K562-cJun-ChIP-Seq(GSE31477)/Homer","GATGASTCATCN","1e0","-1.992e+00","1.0000","8.0","1.83","570.0","1.16","1.57758620689655","0.197993100503511","0","17","JUN"
"Sox2(HMG)/mES-Sox2-ChIP-Seq(GSE11431)/Homer","BCCATTGTTC","1e0","-1.940e+00","1.0000","41.0","9.38","3894.3","7.89","1.18884664131812","0.0751258351696442","0","74","SOX2"
"TEAD2(TEA)/Py2T-Tead2-ChIP-Seq(GSE55709)/Homer","CCWGGAATGY","1e0","-1.917e+00","1.0000","16.0","3.66","1346.2","2.73","1.34065934065934","0.127318438353655","0","28","TEAD2"
"ZBTB18(Zf)/HEK293-ZBTB18.GFP-ChIP-Seq(GSE58341)/Homer","AACATCTGGA","1e0","-1.916e+00","1.0000","22.0","5.03","1945.8","3.94","1.27664974619289","0.106071763230353","0","167","ZBTB18"
"Foxo1(Forkhead)/RAW-Foxo1-ChIP-Seq(Fan_et_al.)/Homer","CTGTTTAC","1e0","-1.900e+00","1.0000","103.0","23.57","10566.7","21.42","1.10037348272642","0.0415401160284869","0","94","FOXO1"
"ZNF264(Zf)/HEK293-ZNF264.GFP-ChIP-Seq(GSE58341)/Homer","RGGGCACTAACY","1e0","-1.884e+00","1.0000","25.0","5.72","2259.1","4.58","1.24890829694323","0.096530550789155","0","65","ZNF264"
"BHLHA15(bHLH)/NIH3T3-BHLHB8.HA-ChIP-Seq(GSE119782)/Homer","NAMCAGCTGK","1e0","-1.865e+00","1.0000","58.0","13.27","5724.2","11.60","1.14396551724138","0.0584129336375171","0","8","BHLHA15"
"YY1(Zf)/Promoter/Homer","CAAGATGGCGGC","1e0","-1.813e+00","1.0000","6.0","1.37","413.5","0.84","1.63095238095238","0.212441281094525","0","35","YY1"
"Gata2(Zf)/K562-GATA2-ChIP-Seq(GSE18829)/Homer","BBCTTATCTS","1e0","-1.801e+00","1.0000","29.0","6.64","2697.6","5.47","1.21389396709324","0.0841807530345867","0","31","GATA2"
"HLF(bZIP)/HSC-HLF.Flag-ChIP-Seq(GSE69817)/Homer","RTTATGYAAB","1e0","-1.787e+00","1.0000","57.0","13.04","5655.5","11.46","1.13787085514834","0.0560929737645301","0","128","HLF"
"Pit1(Homeobox)/GCrat-Pit1-ChIP-Seq(GSE58009)/Homer","ATGMATATDC","1e0","-1.740e+00","1.0000","77.0","17.62","7834.1","15.88","1.1095717884131","0.0451554059849516","0","3","PIT1(POU1F1)"
"Twist2(bHLH)/Myoblast-Twist2.Ty1-ChIP-Seq(GSE127998)/Homer","MCAGCTGBYH","1e0","-1.683e+00","1.0000","76.0","17.39","7759.7","15.73","1.10553083280356","0.0435708593794256","0","8","TWIST2"
"Tbx5(T-box)/HL1-Tbx5.biotin-ChIP-Seq(GSE21529)/Homer","AGGTGTCA","1e0","-1.645e+00","1.0000","135.0","30.89","14259.2","28.90","1.06885813148789","0.0289200655449028","0","39","TBX5"
"FOXK2(Forkhead)/U2OS-FOXK2-ChIP-Seq(E-MTAB-2204)/Homer","SCHTGTTTACAT","1e0","-1.589e+00","1.0000","47.0","10.76","4683.7","9.49","1.13382507903056","0.0545460589030777","0","30","FOXK2"
"FXR(NR) IR1/Liver-FXR-ChIP-Seq(Chong_et_al.)/Homer","AGGTCANTGACCTB","1e0","-1.577e+00","1.0000","14.0","3.20","1230.6","2.49","1.285140562249","0.10895063122417","0","74","NR1H4(NR)"
"Nr5a2(NR)/mES-Nr5a2-ChIP-Seq(GSE19019)/Homer","BTCAAGGTCA","1e0","-1.574e+00","1.0000","12.0","2.75","1030.5","2.09","1.31578947368421","0.119186407719209","0","72","NR5A2(NR)"
"Hoxa13(Homeobox)/ChickenMSG-Hoxa13.Flag-ChIP-Seq(GSE86088)/Homer","CYHATAAAAN","1e0","-1.562e+00","1.0000","164.0","37.53","17548.1","35.57","1.05510261456283","0.0232946992273021","0","32","HOXA13"
"LXH9(Homeobox)/Hct116-LXH9.V5-ChIP-Seq(GSE116822)/Homer","NGCTAATTAG","1e0","-1.544e+00","1.0000","93.0","21.28","9702.8","19.67","1.08185053380783","0.0341672637036739","0","44","LXH9"
"ZNF382(Zf)/HEK293-ZNF382.GFP-ChIP-Seq(GSE58341)/Homer","GNCTGTASTRNTGBCTCHTT","1e0","-1.533e+00","1.0000","2.0","0.46","99.0","0.20","2.3","0.361727836017593","0","88","ZNF382"
"RUNX-AML(Runt)/CD4+-PolII-ChIP-Seq(Barski_et_al.)/Homer","GCTGTGGTTW","1e0","-1.525e+00","1.0000","34.0","7.78","3327.6","6.74","1.15430267062315","0.0623197004543691","0","41","RUNX1"
"GFY(?)/Promoter/Homer","ACTACAATTCCC","1e0","-1.516e+00","1.0000","3.0","0.69","183.0","0.37","1.86486486486486","0.27064736667026","0","45","GFY"
"Tbx6(T-box)/ESC-Tbx6-ChIP-Seq(GSE93524)/Homer","DAGGTGTBAA","1e0","-1.500e+00","1.0000","48.0","10.98","4835.7","9.80","1.12040816326531","0.0493762644215782","0","40","TBX6"
"Zac1(Zf)/Neuro2A-Plagl1-ChIP-Seq(GSE75942)/Homer","HAWGRGGCCM","1e0","-1.466e+00","1.0000","70.0","16.02","7238.4","14.67","1.0920245398773","0.0382323979049361","0","61","PLAGL1"
"Smad2(MAD)/ES-SMAD2-ChIP-Seq(GSE29422)/Homer","CTGTCTGG","1e0","-1.438e+00","1.0000","71.0","16.25","7365.1","14.93","1.08841259209645","0.0367935575898677","0","137","SMAD2"
"IRF:BATF(IRF:bZIP)/pDC-Irf8-ChIP-Seq(GSE66899)/Homer","CTTTCANTATGACTV","1e0","-1.407e+00","1.0000","8.0","1.83","669.0","1.36","1.34558823529412","0.128912181360212","0","25","BATF3_IRF8"
"KLF5(Zf)/LoVo-KLF5-ChIP-Seq(GSE49402)/Homer","DGGGYGKGGC","1e0","-1.399e+00","1.0000","33.0","7.55","3276.1","6.64","1.13704819277108","0.0557788722611707","0","34","KLF5"
"HIC1(Zf)/Treg-ZBTB29-ChIP-Seq(GSE99889)/Homer","TGCCAGCB","1e0","-1.388e+00","1.0000","68.0","15.56","7069.2","14.33","1.08583391486392","0.0357634022563256","0","153","HIC1"
"WT1(Zf)/Kidney-WT1-ChIP-Seq(GSE90016)/Homer","MCTCCCMCRCAB","1e0","-1.383e+00","1.0000","17.0","3.89","1593.7","3.23","1.20433436532508","0.0807470789946049","0","19","WT1"
"Zfp281(Zf)/ES-Zfp281-ChIP-Seq(GSE81042)/Homer","CCCCTCCCCCAC","1e0","-1.382e+00","1.0000","4.0","0.92","287.9","0.58","1.58620689655172","0.200359833782618","0","156","ZFP281"
"Foxh1(Forkhead)/hESC-FOXH1-ChIP-Seq(GSE29422)/Homer","NNTGTGGATTSS","1e0","-1.360e+00","1.0000","38.0","8.70","3830.5","7.76","1.12113402061856","0.0496575313604301","0","107","FOXH1"
"Hoxc9(Homeobox)/Ainv15-Hoxc9-ChIP-Seq(GSE21812)/Homer","GGCCATAAATCA","1e0","-1.352e+00","1.0000","36.0","8.24","3619.8","7.34","1.12261580381471","0.0502311517810453","0","10","HOXC9"
"Zfp57(Zf)/H1-ZFP57.HA-ChIP-Seq(GSE115387)/Homer","NANTGCSGCA","1e0","-1.345e+00","1.0000","16.0","3.66","1501.2","3.04","1.20394736842105","0.0806075017856569","0","173","ZFP57"
"NFY(CCAAT)/Promoter/Homer","RGCCAATSRG","1e0","-1.337e+00","1.0000","51.0","11.67","5249.0","10.64","1.0968045112782","0.0401292280863408","0","166","NFYA"
"Fox:Ebox(Forkhead bHLH)/Panc1-Foxa2-ChIP-Seq(GSE47459)/Homer","NNNVCTGWGYAAACASN","1e0","-1.330e+00","1.0000","57.0","13.04","5905.1","11.97","1.08939014202172","0.0371834409894907","0","30","FOXA2"
"Hoxd10(Homeobox)/ChickenMSG-Hoxd10.Flag-ChIP-Seq(GSE86088)/Homer","GGCMATGAAA","1e0","-1.315e+00","1.0000","64.0","14.65","6679.9","13.54","1.08197932053176","0.0342189603410028","0","32","HOXD10"
"MYNN(Zf)/HEK293-MYNN.eGFP-ChIP-Seq(Encode)/Homer","TTCAAAWTAAAAGTC","1e0","-1.306e+00","1.0000","17.0","3.89","1618.6","3.28","1.1859756097561","0.0740757576140287","0","159","MYNN"
"Stat3(Stat)/mES-Stat3-ChIP-Seq(GSE11431)/Homer","CTTCCGGGAA","1e0","-1.306e+00","1.0000","14.0","3.20","1305.2","2.65","1.20754716981132","0.0819041043830982","0","23","STAT3"
"RARa(NR)/K562-RARa-ChIP-Seq(Encode)/Homer","TTGAMCTTTG","1e0","-1.303e+00","1.0000","119.0","27.23","12756.8","25.86","1.05297757153906","0.0224191207955894","0","160","RARA(NR)"
"Sox17(HMG)/Endoderm-Sox17-ChIP-Seq(GSE61475)/Homer","CCATTGTTYB","1e0","-1.295e+00","1.0000","34.0","7.78","3432.8","6.96","1.11781609195402","0.0483703573791268","0","73","SOX17"
"CEBP:AP1(bZIP)/ThioMac-CEBPb-ChIP-Seq(GSE21512)/Homer","DRTGTTGCAA","1e0","-1.271e+00","1.0000","43.0","9.84","4417.4","8.95","1.09944134078212","0.0411720631154296","0","87","CEBPA_JUN(AP-1)"
"VDR(NR) DR3/GM10855-VDR+vitD-ChIP-Seq(GSE22484)/Homer","ARAGGTCANWGAGTTCANNN","1e0","-1.229e+00","1.0000","7.0","1.60","606.2","1.23","1.30081300813008","0.114214871216527","0","142","VDR(NR)"
"PBX2(Homeobox)/K562-PBX2-ChIP-Seq(Encode)/Homer","RTGATTKATRGN","1e0","-1.227e+00","1.0000","62.0","14.19","6518.4","13.21","1.07418622255867","0.0310795778429468","0","10","PBX2"
"Mef2a(MADS)/HL1-Mef2a.biotin-ChIP-Seq(GSE21529)/Homer","CYAAAAATAG","1e0","-1.215e+00","1.0000","22.0","5.03","2181.1","4.42","1.13800904977376","0.0561457157068356","0","44","MEF2A"
"Pax8(Paired Homeobox)/Thyroid-Pax8-ChIP-Seq(GSE26938)/Homer","GTCATGCHTGRCTGS","1e0","-1.213e+00","1.0000","8.0","1.83","711.6","1.44","1.27083333333333","0.10408859763518","0","6","PAX8"
"Nanog(Homeobox)/mES-Nanog-ChIP-Seq(GSE11724)/Homer","RGCCATTAAC","1e0","-1.205e+00","1.0000","223.0","51.03","24500.1","49.66","1.02758759565042","0.011818853113686","0","32","NANOG"
"Zfp809(Zf)/ES-Zfp809-ChIP-Seq(GSE70799)/Homer","GGGGCTYGKCTGGGA","1e0","-1.190e+00","1.0000","6.0","1.37","513.4","1.04","1.31730769230769","0.119687227857626","0","131","Zfp809(mouse)"
"ETS:E-box(ETS bHLH)/HPC7-Scl-ChIP-Seq(GSE22178)/Homer","AGGAARCAGCTG","1e0","-1.189e+00","1.0000","3.0","0.69","218.8","0.44","1.56818181818182","0.195396414251068","0","98","ETS_E-box"
"HNF4a(NR) DR1/HepG2-HNF4a-ChIP-Seq(GSE25021)/Homer","CARRGKBCAAAGTYCA","1e0","-1.184e+00","1.0000","14.0","3.20","1343.3","2.72","1.17647058823529","0.0705810742857074","0","22","HNF4A(NR)"
"Eomes(T-box)/H9-Eomes-ChIP-Seq(GSE26097)/Homer","ATTAACACCT","1e0","-1.178e+00","1.0000","110.0","25.17","11863.7","24.05","1.04656964656965","0.0197681348385121","0","41","EOMES"
"HIF-1b(HLH)/T47D-HIF1b-ChIP-Seq(GSE59937)/Homer","RTACGTGC","1e0","-1.152e+00","1.0000","64.0","14.65","6790.2","13.76","1.06468023255814","0.0272191907906357","0","80","ARNT(HIF1B)"
"Sp1(Zf)/Promoter/Homer","GGCCCCGCCCCC","1e0","-1.150e+00","1.0000","8.0","1.83","727.0","1.47","1.24489795918367","0.0951337549822534","0","35","SP1"
"CDX4(Homeobox)/ZebrafishEmbryos-Cdx4.Myc-ChIP-Seq(GSE48254)/Homer","NGYCATAAAWCH","1e0","-1.143e+00","1.0000","64.0","14.65","6797.3","13.78","1.06313497822932","0.0265884071185213","0","32","CDX4"
"ZNF143|STAF(Zf)/CUTLL-ZNF143-ChIP-Seq(GSE29600)/Homer","ATTTCCCAGVAKSCY","1e0","-1.135e+00","1.0000","10.0","2.29","938.8","1.90","1.20526315789474","0.081081881387059","0","46","ZNF143"
"Erra(NR)/HepG2-Erra-ChIP-Seq(GSE31477)/Homer","CAAAGGTCAG","1e0","-1.135e+00","1.0000","65.0","14.87","6913.6","14.01","1.06138472519629","0.0258728332361796","0","170","ESRRA(NR)"
"Oct4(POU Homeobox)/mES-Oct4-ChIP-Seq(GSE11431)/Homer","ATTTGCATAW","1e0","-1.112e+00","1.0000","44.0","10.07","4619.4","9.36","1.0758547008547","0.0317536218155128","0","93","OCT4(POU5F1)"
"HNF6(Homeobox)/Liver-Hnf6-ChIP-Seq(ERP000394)/Homer","NTATYGATCH","1e0","-1.107e+00","1.0000","42.0","9.61","4403.6","8.93","1.07614781634938","0.0318719287799989","0","158","ONECUT1"
"Nur77(NR)/K562-NR4A1-ChIP-Seq(GSE31363)/Homer","TGACCTTTNCNT","1e0","-1.100e+00","1.0000","9.0","2.06","843.4","1.71","1.2046783625731","0.0808711099769996","0","69","NR4A1(NR)"
"Hoxa9(Homeobox)/ChickenMSG-Hoxa9.Flag-ChIP-Seq(GSE86088)/Homer","RGCAATNAAA","1e0","-1.094e+00","1.0000","156.0","35.70","17081.5","34.62","1.03119584055459","0.0133411525728182","0","32","HOXA9"
"RUNX(Runt)/HPC7-Runx1-ChIP-Seq(GSE22178)/Homer","SAAACCACAG","1e0","-1.093e+00","1.0000","36.0","8.24","3755.7","7.61","1.08278580814717","0.034542554926543","0","42","RUNX1"
"Sox9(HMG)/Limb-SOX9-ChIP-Seq(GSE73225)/Homer","AGGVNCCTTTGT","1e0","-1.090e+00","1.0000","30.0","6.86","3102.8","6.29","1.0906200317965","0.0376734702614828","0","102","SOX9"
"Hoxd11(Homeobox)/ChickenMSG-Hoxd11.Flag-ChIP-Seq(GSE86088)/Homer","VGCCATAAAA","1e0","-1.084e+00","1.0000","149.0","34.10","16307.3","33.05","1.03177004538578","0.0135829151708387","0","31","HOXD11"
"Brn2(POU Homeobox)/NPC-Brn2-ChIP-Seq(GSE35496)/Homer","ATGAATATTC","1e0","-1.075e+00","1.0000","8.0","1.83","745.7","1.51","1.21192052980132","0.08347414243726","0","3","OCT7(POU3F2)"
"THRa(NR)/C17.2-THRa-ChIP-Seq(GSE38347)/Homer","GGTCANYTGAGGWCA","1e0","-1.072e+00","1.0000","10.0","2.29","956.1","1.94","1.18041237113402","0.0720337524096619","0","82","THRA(NR)"
"GABPA(ETS)/Jurkat-GABPa-ChIP-Seq(GSE17954)/Homer","RACCGGAAGT","1e0","-1.061e+00","1.0000","29.0","6.64","3008.9","6.10","1.08852459016393","0.0368382443572505","0","24","GABPA"
"RUNX1(Runt)/Jurkat-RUNX1-ChIP-Seq(GSE29180)/Homer","AAACCACARM","1e0","-1.032e+00","1.0000","44.0","10.07","4670.8","9.47","1.06335797254488","0.0266794915503446","0","43","RUNX1"
"Foxo3(Forkhead)/U2OS-Foxo3-ChIP-Seq(E-MTAB-2701)/Homer","DGTAAACA","1e0","-1.027e+00","1.0000","58.0","13.27","6219.5","12.61","1.05233941316416","0.0221558362913539","0","30","FOXO3"
"FoxL2(Forkhead)/Ovary-FoxL2-ChIP-Seq(GSE60858)/Homer","WWTRTAAACAVG","1e0","-1.022e+00","1.0000","68.0","15.56","7331.5","14.86","1.04710632570659","0.0199907832291136","0","30","FOXL2"
"MyoD(bHLH)/Myotube-MyoD-ChIP-Seq(GSE21614)/Homer","RRCAGCTGYTSY","1e0","-1.019e+00","1.0000","27.0","6.18","2812.2","5.70","1.08421052631579","0.0351136194163244","0","8","MYOD1"
"HOXA2(Homeobox)/mES-Hoxa2-ChIP-Seq(Donaldson_et_al.)/Homer","GYCATCMATCAT","1e0","-1.013e+00","1.0000","7.0","1.60","656.1","1.33","1.20300751879699","0.080268341688839","0","10","HOXA2"
"Sp5(Zf)/mES-Sp5.Flag-ChIP-Seq(GSE72989)/Homer","RGKGGGCGGAGC","1e0","-9.996e-01","1.0000","27.0","6.18","2822.3","5.72","1.08041958041958","0.0335924462957916","0","35","SP5"
"STAT1(Stat)/HelaS3-STAT1-ChIP-Seq(GSE12782)/Homer","NATTTCCNGGAAAT","1e0","-9.913e-01","1.0000","9.0","2.06","874.6","1.77","1.1638418079096","0.0658939540073467","0","23","STAT1"
"Nkx2.1(Homeobox)/LungAC-Nkx2.1-ChIP-Seq(GSE43252)/Homer","RSCACTYRAG","1e0","-9.889e-01","1.0000","121.0","27.69","13270.8","26.90","1.02936802973978","0.0125706757431666","0","11","NKX2-1"
"Nkx3.1(Homeobox)/LNCaP-Nkx3.1-ChIP-Seq(GSE28264)/Homer","AAGCACTTAA","1e0","-9.816e-01","1.0000","102.0","23.34","11153.8","22.61","1.03228659885007","0.0138002893639917","0","11","NKX3-1"
"NFkB-p50 p52(RHD)/Monocyte-p50-ChIP-Chip(Schreiber_et_al.)/Homer","GGGGGAATCCCC","1e0","-9.801e-01","1.0000","4.0","0.92","350.2","0.71","1.29577464788732","0.11252947862648","0","54","NFKB1"
"RUNX2(Runt)/PCa-RUNX2-ChIP-Seq(GSE33889)/Homer","NWAACCACADNN","1e0","-9.730e-01","1.0000","39.0","8.92","4157.1","8.43","1.05812574139976","0.0245372797513807","0","43","RUNX2"
"Pax7(Paired Homeobox) long/Myoblast-Pax7-ChIP-Seq(GSE25064)/Homer","TAATCHGATTAC","1e0","-9.704e-01","1.0000","3.0","0.69","249.0","0.50","1.38","0.139879086401236","0","60","PAX7"
"Sox15(HMG)/CPA-Sox15-ChIP-Seq(GSE62909)/Homer","RAACAATGGN","1e0","-9.654e-01","1.0000","49.0","11.21","5268.2","10.68","1.04962546816479","0.0210343599024356","0","74","SOX15"
"Tcf3(HMG)/mES-Tcf3-ChIP-Seq(GSE11724)/Homer","ASWTCAAAGG","1e0","-9.504e-01","1.0000","10.0","2.29","994.9","2.02","1.13366336633663","0.0544841128932642","0","92","TCF7L1"
"Unknown(Homeobox)/Limb-p300-ChIP-Seq/Homer","SSCMATWAAA","1e0","-9.431e-01","1.0000","44.0","10.07","4730.0","9.59","1.05005213764338","0.0212108633829544","0","32","Unknown"
"RARg(NR)/ES-RARg-ChIP-Seq(GSE30538)/Homer","AGGTCAAGGTCA","1e0","-9.385e-01","1.0000","1.0","0.23","56.3","0.11","2.09090909090909","0.320335150859368","0","117","RARG(NR)"
"AP-2alpha(AP2)/Hela-AP2alpha-ChIP-Seq(GSE31477)/Homer","ATGCCCTGAGGC","1e0","-9.327e-01","1.0000","13.0","2.97","1325.9","2.69","1.10408921933085","0.0430041693148043","0","114","TFAP2A"
"GATA3(Zf)/iTreg-Gata3-ChIP-Seq(GSE20898)/Homer","AGATAASR","1e0","-9.315e-01","1.0000","68.0","15.56","7406.1","15.01","1.03664223850766","0.0156289004103998","0","31","GATA3"
"PGR(NR)/EndoStromal-PGR-ChIP-Seq(GSE69539)/Homer","AAGAACATWHTGTTC","1e0","-9.299e-01","1.0000","11.0","2.52","1109.1","2.25","1.12","0.0492180226701816","0","80","PGR(NR)"
"RBPJ:Ebox(? bHLH)/Panc1-Rbpj1-ChIP-Seq(GSE47459)/Homer","GGGRAARRGRMCAGMTG","1e0","-9.274e-01","1.0000","8.0","1.83","786.0","1.59","1.15094339622642","0.0610539654099781","0","8","RBPJ"
"ZNF322(Zf)/HEK293-ZNF322.GFP-ChIP-Seq(GSE58341)/Homer","GAGCCTGGTACTGWGCCTGR","1e0","-9.258e-01","1.0000","5.0","1.14","466.7","0.95","1.2","0.0791812460476249","0","167","ZNF322"
"ETV4(ETS)/HepG2-ETV4-ChIP-Seq(ENCODE)/Homer","ACCGGAAGTG","1e0","-9.228e-01","1.0000","36.0","8.24","3858.2","7.82","1.0537084398977","0.0227204586372678","0","24","ETV4"
"E2F7(E2F)/Hela-E2F7-ChIP-Seq(GSE32673)/Homer","VDTTTCCCGCCA","1e0","-9.186e-01","1.0000","4.0","0.92","362.2","0.73","1.26027397260274","0.100464967225099","0","5","E2F7"
"RORgt(NR)/EL4-RORgt.Flag-ChIP-Seq(GSE56019)/Homer","AAYTAGGTCA","1e0","-9.171e-01","1.0000","5.0","1.14","468.5","0.95","1.2","0.0791812460476249","0","4","RORC(NR)"
"RORgt(NR)/EL4-RORgt.Flag-ChIP-Seq(GSE56019)/Homer","AAYTAGGTCA","1e0","-9.171e-01","1.0000","5.0","1.14","468.5","0.95","1.2","0.0791812460476249","0","4","RORC(NR)"
"E2F3(E2F)/MEF-E2F3-ChIP-Seq(GSE71376)/Homer","BTKGGCGGGAAA","1e0","-9.152e-01","1.0000","15.0","3.43","1550.9","3.14","1.09235668789809","0.0383644719695556","0","5","E2F3"
"RORa(NR)/Liver-Rora-ChIP-Seq(GSE101115)/Homer","AAWCTAGGTCARDNN","1e0","-9.112e-01","1.0000","6.0","1.37","576.1","1.17","1.17094017094017","0.0685347054102451","0","4","RORA(NR)"
"AP-2gamma(AP2)/MCF7-TFAP2C-ChIP-Seq(GSE21234)/Homer","SCCTSAGGSCAW","1e0","-9.103e-01","1.0000","17.0","3.89","1771.5","3.59","1.08356545961003","0.0348551527473886","0","115","TFAP2C"
"Olig2(bHLH)/Neuron-Olig2-ChIP-Seq(GSE30882)/Homer","RCCATMTGTT","1e0","-8.989e-01","1.0000","82.0","18.76","8998.8","18.24","1.02850877192982","0.0122080000506483","0","8","OLIG2"
"p73(p53)/Trachea-p73-ChIP-Seq(PRJNA310161)/Homer","NRRRCAWGTCCDGRCATGYY","1e0","-8.885e-01","1.0000","2.0","0.46","160.0","0.32","1.4375","0.157607853361668","0","1","TP73"
"Pax7(Paired Homeobox)/Myoblast-Pax7-ChIP-Seq(GSE25064)/Homer","TAATCAATTA","1e0","-8.832e-01","1.0000","9.0","2.06","908.8","1.84","1.1195652173913","0.049049397359617","0","95","PAX7"
"Gata6(Zf)/HUG1N-GATA6-ChIP-Seq(GSE51936)/Homer","YCTTATCTBN","1e0","-8.822e-01","1.0000","40.0","9.15","4329.0","8.77","1.04332953249715","0.0184215007004078","0","31","GATA6"
"BATF(bZIP)/Th17-BATF-ChIP-Seq(GSE39756)/Homer","DATGASTCAT","1e0","-8.813e-01","1.0000","24.0","5.49","2556.6","5.18","1.05984555984556","0.0252425847048589","0","17","BATF"
"Mef2d(MADS)/Retina-Mef2d-ChIP-Seq(GSE61391)/Homer","GCTATTTTTAGC","1e0","-8.757e-01","1.0000","12.0","2.75","1238.6","2.51","1.09561752988048","0.0396589723492246","0","44","MEF2D"
"Atf3(bZIP)/GBM-ATF3-ChIP-Seq(GSE33912)/Homer","DATGASTCATHN","1e0","-8.716e-01","1.0000","25.0","5.72","2672.4","5.42","1.05535055350553","0.0233967422546372","0","17","ATF3"
"KLF14(Zf)/HEK293-KLF14.GFP-ChIP-Seq(GSE58341)/Homer","RGKGGGCGKGGC","1e0","-8.675e-01","1.0000","42.0","9.61","4562.5","9.25","1.03891891891892","0.0165816549295128","0","35","KLF14"
"LXRE(NR) DR4/RAW-LXRb.biotin-ChIP-Seq(GSE21512)/Homer","RGGTTACTANAGGTCA","1e0","-8.665e-01","1.0000","2.0","0.46","162.4","0.33","1.39393939393939","0.144243891803687","0","83","NR1H2(NR)"
"STAT6(Stat)/CD4-Stat6-ChIP-Seq(GSE22104)/Homer","ABTTCYYRRGAA","1e0","-8.618e-01","1.0000","19.0","4.35","2014.6","4.08","1.06617647058824","0.0278290938647574","0","112","STAT6"
"TCF4(bHLH)/SHSY5Y-TCF4-ChIP-Seq(GSE96915)/Homer","SMCATCTGKH","1e0","-8.572e-01","1.0000","59.0","13.50","6466.1","13.11","1.02974828375286","0.0127310768049218","0","8","TCF4"
"Gli2(Zf)/GM2-Gli2-ChIP-Chip(GSE112702)/Homer","YSTGGGTGGTCT","1e0","-8.547e-01","1.0000","6.0","1.37","591.2","1.20","1.14166666666667","0.057539321108782","0","2","GIL2"
"GATA:SCL(Zf bHLH)/Ter119-SCL-ChIP-Seq(GSE18720)/Homer","CRGCTGBNGNSNNSAGATAA","1e0","-8.502e-01","1.0000","5.0","1.14","484.4","0.98","1.16326530612245","0.0656787756439778","0","142","TAL1_GATA1"
"ETV1(ETS)/GIST48-ETV1-ChIP-Seq(GSE22441)/Homer","AACCGGAAGT","1e0","-8.458e-01","1.0000","42.0","9.61","4578.8","9.28","1.03556034482759","0.0151754114496833","0","24","ETV1"
"Hand2(bHLH)/Mesoderm-Hand2-ChIP-Seq(GSE61475)/Homer","TGACANARRCCAGRC","1e0","-8.458e-01","1.0000","17.0","3.89","1801.0","3.65","1.06575342465753","0.027656736869233","0","105","HAND2"
"ZNF519(Zf)/HEK293-ZNF519.GFP-ChIP-Seq(GSE58341)/Homer","GAGSCCGAGC","1e0","-8.402e-01","1.0000","6.0","1.37","595.2","1.21","1.13223140495868","0.0539351968399568","0","143","ZNF519"
"GRE(NR) IR3/A549-GR-ChIP-Seq(GSE32465)/Homer","NRGVACABNVTGTYCY","1e0","-8.381e-01","1.0000","4.0","0.92","379.7","0.77","1.19480519480519","0.0772971021730734","0","80","NR3C1_GRE(NR)"
"Tbox:Smad(T-box MAD)/ESCd5-Smad2_3-ChIP-Seq(GSE29422)/Homer","AGGTGHCAGACA","1e0","-8.333e-01","1.0000","7.0","1.60","706.0","1.43","1.11888111888112","0.048783945190863","0","172","SMAD2_SMAD3(T-box)"
"Bach2(bZIP)/OCILy7-Bach2-ChIP-Seq(GSE44420)/Homer","TGCTGAGTCA","1e0","-8.263e-01","1.0000","5.0","1.14","490.9","1.00","1.14","0.0569048513364726","0","17","BACH2"
"GSC(Homeobox)/FrogEmbryos-GSC-ChIP-Seq(DRA000576)/Homer","RGGATTAR","1e0","-8.195e-01","1.0000","58.0","13.27","6387.9","12.95","1.02471042471042","0.0106011544471649","0","38","GSC"
"Zic(Zf)/Cerebellum-ZIC1.2-ChIP-Seq(GSE60731)/Homer","CCTGCTGAGH","1e0","-8.186e-01","1.0000","33.0","7.55","3594.6","7.29","1.03566529492455","0.0152194233112136","0","12","ZIC1"
"Gata4(Zf)/Heart-Gata4-ChIP-Seq(GSE35151)/Homer","NBWGATAAGR","1e0","-8.173e-01","1.0000","44.0","10.07","4823.3","9.78","1.02965235173824","0.0126906157660166","0","30","GATA4"
"Tbet(T-box)/CD8-Tbet-ChIP-Seq(GSE33802)/Homer","AGGTGTGAAM","1e0","-8.131e-01","1.0000","52.0","11.90","5721.5","11.60","1.02586206896552","0.0110889721656123","0","41","TBX21"
"Sox6(HMG)/Myotubes-Sox6-ChIP-Seq(GSE32627)/Homer","CCATTGTTNY","1e0","-7.995e-01","1.0000","79.0","18.08","8760.0","17.76","1.01801801801802","0.00775546469676221","0","73","SOX6"
"SCL(bHLH)/HPC7-Scl-ChIP-Seq(GSE13511)/Homer","AVCAGCTG","1e0","-7.991e-01","1.0000","197.0","45.08","22038.8","44.67","1.00917841952093","0.00396795490223033","0","8","TAL1"
"NRF1(NRF)/MCF7-NRF1-ChIP-Seq(Unpublished)/Homer","CTGCGCATGCGC","1e0","-7.941e-01","1.0000","4.0","0.92","389.8","0.79","1.16455696202532","0.0661607360551138","0","7","NRF1"
"Egr1(Zf)/K562-Egr1-ChIP-Seq(GSE32465)/Homer","TGCGTGGGYG","1e0","-7.910e-01","1.0000","20.0","4.58","2162.9","4.38","1.04566210045662","0.0193913674997697","0","19","EGR1"
"OCT:OCT(POU Homeobox)/NPC-OCT6-ChIP-Seq(GSE43916)/Homer","YATGCATATRCATRT","1e0","-7.851e-01","1.0000","10.0","2.29","1053.5","2.14","1.07009345794393","0.0294217089906971","0","171","OCT6(POU3F1)"
"ZNF675(Zf)/HEK293-ZNF675.GFP-ChIP-Seq(GSE58341)/Homer","ARGAGGMCAAAATGW","1e0","-7.843e-01","1.0000","5.0","1.14","501.6","1.02","1.11764705882353","0.048304679574555","0","38","ZNF675"
"STAT5(Stat)/mCD4+-Stat5-ChIP-Seq(GSE12346)/Homer","RTTTCTNAGAAA","1e0","-7.810e-01","1.0000","8.0","1.83","833.0","1.69","1.08284023668639","0.0345643851167559","0","23","STAT5A"
"Tgif1(Homeobox)/mES-Tgif1-ChIP-Seq(GSE55404)/Homer","YTGWCADY","1e0","-7.752e-01","1.0000","157.0","35.93","17562.6","35.60","1.00926966292135","0.00400721923177428","0","94","TGIF1"
"Arnt:Ahr(bHLH)/MCF7-Arnt-ChIP-Seq(Lo_et_al.)/Homer","TBGCACGCAA","1e0","-7.664e-01","1.0000","39.0","8.92","4303.0","8.72","1.02293577981651","0.00984836944355583","0","77","ARNT(HIF1B)"
"Pitx1:Ebox(Homeobox bHLH)/Hindlimb-Pitx1-ChIP-Seq(GSE41591)/Homer","YTAATTRAWWCCAGATGT","1e0","-7.663e-01","1.0000","12.0","2.75","1283.8","2.60","1.05769230769231","0.0243593458594447","0","8","PITX1"
"Bapx1(Homeobox)/VertebralCol-Bapx1-ChIP-Seq(GSE36672)/Homer","TTRAGTGSYK","1e0","-7.647e-01","1.0000","92.0","21.05","10258.1","20.79","1.01250601250601","0.00539761084021796","0","11","NKX3-2"
"ZSCAN22(Zf)/HEK293-ZSCAN22.GFP-ChIP-Seq(GSE58341)/Homer","SMCAGTCWGAKGGAGGAGGC","1e0","-7.596e-01","1.0000","2.0","0.46","178.9","0.36","1.27777777777778","0.106455330914287","0","114","ZSCAN22"
"RAR:RXR(NR) DR5/ES-RAR-ChIP-Seq(GSE56893)/Homer","AGGTCAAGGTCA","1e0","-7.511e-01","1.0000","3.0","0.69","289.4","0.59","1.16949152542373","0.0679970790951111","0","160","RAR_RXR(NR)"
"STAT4(Stat)/CD4-Stat4-ChIP-Seq(GSE22104)/Homer","NYTTCCWGGAAR","1e0","-7.470e-01","1.0000","30.0","6.86","3308.7","6.71","1.02235469448584","0.00960159553775967","0","23","STAT4"
"EBF(EBF)/proBcell-EBF-ChIP-Seq(GSE21978)/Homer","DGTCCCYRGGGA","1e0","-7.369e-01","1.0000","3.0","0.69","292.7","0.59","1.16949152542373","0.0679970790951111","0","89","EBF1"
"PRDM14(Zf)/H1-PRDM14-ChIP-Seq(GSE22767)/Homer","RGGTCTCTAACY","1e0","-7.334e-01","1.0000","8.0","1.83","850.9","1.72","1.06395348837209","0.0269226428228806","0","147","PRDM14"
"GATA3(Zf) DR8/iTreg-Gata3-ChIP-Seq(GSE20898)/Homer","AGATSTNDNNDSAGATAASN","1e0","-7.286e-01","1.0000","4.0","0.92","405.6","0.82","1.1219512195122","0.0499739749618386","0","167","GATA3"
"CRE(bZIP)/Promoter/Homer","CSGTGACGTCAC","1e0","-7.201e-01","1.0000","13.0","2.97","1416.1","2.87","1.03484320557491","0.01487455258322","0","66","CREB1"
"Pit1+1bp(Homeobox)/GCrat-Pit1-ChIP-Seq(GSE58009)/Homer","ATGCATAATTCA","1e0","-7.139e-01","1.0000","29.0","6.64","3219.4","6.53","1.01684532924962","0.00725489809294356","0","36","PIT1(POU1F1)"
"OCT:OCT(POU Homeobox)/NPC-Brn1-ChIP-Seq(GSE35496)/Homer","ATGAATATTCATGAG","1e0","-7.130e-01","1.0000","1.0","0.23","76.4","0.15","1.53333333333333","0.185636576961912","0","3","OCT4(POU5F1)"
"Hnf1(Homeobox)/Liver-Foxa2-Chip-Seq(GSE25694)/Homer","GGTTAAWCATTAA","1e0","-7.076e-01","1.0000","11.0","2.52","1197.6","2.43","1.03703703703704","0.0157942671832319","0","124","HNF1A"
"ZNF692(Zf)/HEK293-ZNF692.GFP-ChIP-Seq(GSE58341)/Homer","GTGGGCCCCA","1e0","-7.063e-01","1.0000","2.0","0.46","187.1","0.38","1.21052631578947","0.0829742350647639","0","84","ZNF692"
"ERG(ETS)/VCaP-ERG-ChIP-Seq(GSE14097)/Homer","ACAGGAAGTG","1e0","-7.012e-01","1.0000","44.0","10.07","4919.2","9.97","1.01003009027081","0.00433431224196226","0","24","ERG"
"FOXP1(Forkhead)/H9-FOXP1-ChIP-Seq(GSE31006)/Homer","NYYTGTTTACHN","1e0","-6.934e-01","1.0000","33.0","7.55","3685.9","7.47","1.01070950468541","0.00462634981378942","0","30","FOXP1"
"PAX6(Paired Homeobox)/Forebrain-Pax6-ChIP-Seq(GSE66961)/Homer","NGTGTTCAVTSAAGCGKAAA","1e0","-6.903e-01","1.0000","4.0","0.92","415.5","0.84","1.0952380952381","0.0395085412836736","0","61","PAX6"
"THRb(NR)/HepG2-THRb.Flag-ChIP-Seq(Encode)/Homer","GGTCACCTGAGGTCA","1e0","-6.636e-01","1.0000","13.0","2.97","1444.3","2.93","1.01365187713311","0.00588882896310279","0","82","THRB(NR)"
"Hoxa11(Homeobox)/ChickenMSG-Hoxa11.Flag-ChIP-Seq(GSE86088)/Homer","TTTTATGGCM","1e0","-6.406e-01","1.0000","147.0","33.64","16621.5","33.69","0.998515880083111","-0.000645023855245636","0","32","HOXA11"
"Tlx?(NR)/NPC-H3K4me1-ChIP-Seq(GSE16256)/Homer","CTGGCAGSCTGCCA","1e0","-6.382e-01","1.0000","7.0","1.60","773.8","1.57","1.01910828025478","0.00822033024669114","0","131","NR2E1(NR)"
"Cdx2(Homeobox)/mES-Cdx2-ChIP-Seq(GSE14586)/Homer","GYMATAAAAH","1e0","-6.378e-01","1.0000","48.0","10.98","5430.6","11.01","0.997275204359673","-0.00118497885767864","0","103","CDX2"
"MITF(bHLH)/MastCells-MITF-ChIP-Seq(GSE48085)/Homer","RTCATGTGAC","1e0","-6.373e-01","1.0000","33.0","7.55","3730.5","7.56","0.998677248677249","-0.000574843872018321","0","139","MITF"
"ZNF317(Zf)/HEK293-ZNF317.GFP-ChIP-Seq(GSE58341)/Homer","GTCWGCTGTYYCTCT","1e0","-6.265e-01","1.0000","4.0","0.92","433.8","0.88","1.04545454545455","0.0193051551953866","0","129","ZNF317"
"ARE(NR)/LNCAP-AR-ChIP-Seq(GSE27824)/Homer","RGRACASNSTGTYCYB","1e0","-6.181e-01","1.0000","6.0","1.37","666.6","1.35","1.01481481481481","0.00638679866140066","0","79","AR(NR)"
"FOXK1(Forkhead)/HEK293-FOXK1-ChIP-Seq(GSE51673)/Homer","NVWTGTTTAC","1e0","-6.129e-01","1.0000","73.0","16.70","8290.2","16.80","0.994047619047619","-0.00259281057827961","0","30","FOXK1"
"BMYB(HTH)/Hela-BMYB-ChIP-Seq(GSE27030)/Homer","NHAACBGYYV","1e0","-6.103e-01","1.0000","86.0","19.68","9766.2","19.80","0.993939393939394","-0.00264009616620841","0","21","MYBL2"
"KLF3(Zf)/MEF-Klf3-ChIP-Seq(GSE44748)/Homer","NRGCCCCRCCCHBNN","1e0","-6.082e-01","1.0000","12.0","2.75","1359.3","2.76","0.996376811594203","-0.00157638823495501","0","35","KLF3"
"Foxf1(Forkhead)/Lung-Foxf1-ChIP-Seq(GSE77951)/Homer","WWATRTAAACAN","1e0","-6.046e-01","1.0000","73.0","16.70","8300.3","16.82","0.992865636147443","-0.0031095203143101","0","30","FOXF1"
"NFkB-p65(RHD)/GM12787-p65-ChIP-Seq(GSE19485)/Homer","WGGGGATTTCCC","1e0","-6.021e-01","1.0000","15.0","3.43","1706.7","3.46","0.991329479768786","-0.0037819787500061","0","53","NFKB1_RELA"
"Sox4(HMG)/proB-Sox4-ChIP-Seq(GSE50066)/Homer","YCTTTGTTCC","1e0","-5.988e-01","1.0000","30.0","6.86","3421.9","6.94","0.988472622478386","-0.00503535474810317","0","74","SOX4"
"PRDM10(Zf)/HEK293-PRDM10.eGFP-ChIP-Seq(Encode)/Homer","TGGTACATTCCA","1e0","-5.867e-01","1.0000","16.0","3.66","1830.1","3.71","0.986522911051213","-0.00589282422063517","0","88","PRDM10"
"Ascl2(bHLH)/ESC-Ascl2-ChIP-Seq(GSE97712)/Homer","SSRGCAGCTGCH","1e0","-5.828e-01","1.0000","39.0","8.92","4461.0","9.04","0.986725663716814","-0.0058035760992402","0","8","ASCL2"
"PU.1-IRF(ETS:IRF)/Bcell-PU.1-ChIP-Seq(GSE21512)/Homer","MGGAAGTGAAAC","1e0","-5.815e-01","1.0000","42.0","9.61","4805.0","9.74","0.986652977412731","-0.00583556921007019","0","53","SPI1"
"Slug(Zf)/Mesoderm-Snai2-ChIP-Seq(GSE61475)/Homer","SNGCACCTGCHS","1e0","-5.771e-01","1.0000","17.0","3.89","1951.4","3.96","0.982323232323232","-0.00774558459980455","0","8","SNAI2"
"AR-halfsite(NR)/LNCaP-AR-ChIP-Seq(GSE27824)/Homer","CCAGGAACAG","1e0","-5.767e-01","1.0000","118.0","27.00","13438.0","27.24","0.991189427312775","-0.00384333908176022","0","145","AR(NR)"
"FOXA1:AR(Forkhead NR)/LNCAP-AR-ChIP-Seq(GSE27824)/Homer","AGTAAACAAAAAAGAACAND","1e0","-5.747e-01","1.0000","5.0","1.14","566.1","1.15","0.991304347826087","-0.00379298901713902","0","28","FOXA1"
"Klf9(Zf)/GBM-Klf9-ChIP-Seq(GSE62211)/Homer","GCCACRCCCACY","1e0","-5.735e-01","1.0000","10.0","2.29","1147.6","2.33","0.982832618025751","-0.00752043868613098","0","35","KLF9"
"SF1(NR)/H295R-Nr5a1-ChIP-Seq(GSE44220)/Homer","CAAGGHCANV","1e0","-5.579e-01","1.0000","9.0","2.06","1039.0","2.11","0.976303317535545","-0.0104152349285392","0","162","NR5A1(NR)"
"Klf4(Zf)/mES-Klf4-ChIP-Seq(GSE11431)/Homer","GCCACACCCA","1e0","-5.459e-01","1.0000","9.0","2.06","1045.2","2.12","0.971698113207547","-0.012468640559598","0","34","KLF4"
"Six4(Homeobox)/MCF7-SIX4-ChIP-Seq(Encode)/Homer","TGWAAYCTGABACCB","1e0","-5.396e-01","1.0000","2.0","0.46","221.9","0.45","1.02222222222222","0.00954531790623036","0","64","SIX4"
"Pitx1(Homeobox)/Chicken-Pitx1-ChIP-Seq(GSE38910)/Homer","TAATCCCN","1e0","-5.323e-01","1.0000","197.0","45.08","22445.4","45.49","0.990987030116509","-0.0039320294558863","0","155","PITX1"
"p63(p53)/Keratinocyte-p63-ChIP-Seq(GSE17611)/Homer","NNDRCATGYCYNRRCATGYH","1e0","-5.311e-01","1.0000","11.0","2.52","1286.8","2.61","0.96551724137931","-0.0152399665567368","0","1","TP63"
"Nkx6.1(Homeobox)/Islet-Nkx6.1-ChIP-Seq(GSE40975)/Homer","GKTAATGR","1e0","-5.302e-01","1.0000","163.0","37.30","18606.5","37.71","0.989127552373376","-0.00474770059693261","0","9","NKX6-1"
"Egr2(Zf)/Thymocytes-Egr2-ChIP-Seq(GSE34254)/Homer","NGCGTGGGCGGR","1e0","-5.270e-01","1.0000","4.0","0.92","465.6","0.94","0.978723404255319","-0.00934002625414335","0","19","EGR2"
"JunB(bZIP)/DendriticCells-Junb-ChIP-Seq(GSE36099)/Homer","RATGASTCAT","1e0","-5.269e-01","1.0000","18.0","4.12","2101.5","4.26","0.967136150234742","-0.0145123830695843","0","17","JunB"
"Meis1(Homeobox)/MastCells-Meis1-ChIP-Seq(GSE48085)/Homer","VGCTGWCAVB","1e0","-5.230e-01","1.0000","72.0","16.48","8291.8","16.81","0.980368828078525","-0.00861050607837397","0","174","MEIS1"
"Sox10(HMG)/SciaticNerve-Sox3-ChIP-Seq(GSE35132)/Homer","CCWTTGTYYB","1e0","-5.205e-01","1.0000","63.0","14.42","7268.0","14.73","0.978954514596062","-0.00923748645922069","0","74","SOX10"
"Barx1(Homeobox)/Stomach-Barx1.3xFlag-ChIP-Seq(GSE69483)/Homer","AAACMATTAN","1e0","-5.205e-01","1.0000","30.0","6.86","3490.3","7.07","0.97029702970297","-0.0130952980901477","0","25","BARX1"
"Ptf1a(bHLH)/Panc1-Ptf1a-ChIP-Seq(GSE47459)/Homer","ACAGCTGTTN","1e0","-5.195e-01","1.0000","100.0","22.88","11482.5","23.27","0.983240223463687","-0.00734036316574336","0","8","PTF1A"
"Isl1(Homeobox)/Neuron-Isl1-ChIP-Seq(GSE31456)/Homer","CTAATKGV","1e0","-5.117e-01","1.0000","93.0","21.28","10698.7","21.69","0.981097279852467","-0.0082879283911827","0","83","ISL1"
"MafA(bZIP)/Islet-MafA-ChIP-Seq(GSE30298)/Homer","TGCTGACTCA","1e0","-5.024e-01","1.0000","27.0","6.18","3161.2","6.41","0.96411856474259","-0.0158695544300016","0","69","MAFA"
"Phox2b(Homeobox)/CLBGA-PHOX2B-ChIP-Seq(GSE90683)/Homer","TTAATTNAATTA","1e0","-5.002e-01","1.0000","19.0","4.35","2237.2","4.53","0.960264900662252","-0.0176089450581946","0","60","PHOX2B"
"Fosl2(bZIP)/3T3L1-Fosl2-ChIP-Seq(GSE56872)/Homer","NATGASTCABNN","1e0","-4.966e-01","1.0000","8.0","1.83","953.5","1.93","0.948186528497409","-0.0231062192773443","0","17","FOSL2"
"ZBTB33(Zf)/GM12878-ZBTB33-ChIP-Seq(GSE32465)/Homer","GGVTCTCGCGAGAAC","1e0","-4.840e-01","1.0000","2.0","0.46","235.7","0.48","0.958333333333333","-0.0184834056940131","0","136","ZBTB33"
"Fra1(bZIP)/BT549-Fra1-ChIP-Seq(GSE46166)/Homer","NNATGASTCATH","1e0","-4.714e-01","1.0000","19.0","4.35","2260.1","4.58","0.949781659388646","-0.0223762210492319","0","17","FOSL1"
"Sox3(HMG)/NPC-Sox3-ChIP-Seq(GSE33059)/Homer","CCWTTGTY","1e0","-4.708e-01","1.0000","71.0","16.25","8250.2","16.72","0.97188995215311","-0.0123829077881044","0","74","SOX3"
"NFkB-p65-Rel(RHD)/ThioMac-LPS-Expression(GSE23622)/Homer","GGAAATTCCC","1e0","-4.679e-01","1.0000","1.0","0.23","111.6","0.23","1","0","0","53","NFKB1_RELA"
"Lhx3(Homeobox)/Neuron-Lhx3-ChIP-Seq(GSE31456)/Homer","ADBTAATTAR","1e0","-4.591e-01","1.0000","110.0","25.17","12718.1","25.78","0.976338246702871","-0.0103996974690215","0","43","LHX3"
"Pbx3(Homeobox)/GM12878-PBX3-ChIP-Seq(GSE32465)/Homer","SCTGTCAMTCAN","1e0","-4.580e-01","1.0000","10.0","2.29","1212.7","2.46","0.930894308943089","-0.0310996247634911","0","119","PBX3"
"Phox2a(Homeobox)/Neuron-Phox2a-ChIP-Seq(GSE31456)/Homer","YTAATYNRATTA","1e0","-4.580e-01","1.0000","32.0","7.32","3783.7","7.67","0.954367666232073","-0.0202842828905891","0","59","PHOX2A"
"AP-1(bZIP)/ThioMac-PU.1-ChIP-Seq(GSE21512)/Homer","VTGACTCATC","1e0","-4.556e-01","1.0000","25.0","5.72","2973.4","6.03","0.948590381426202","-0.0229212833471272","0","17","FOS"
"ELF1(ETS)/Jurkat-ELF1-ChIP-Seq(SRA014231)/Homer","AVCCGGAAGT","1e0","-4.551e-01","1.0000","16.0","3.66","1922.2","3.90","0.938461538461539","-0.0275835216320885","0","24","ELF1"
"EKLF(Zf)/Erythrocyte-Klf1-ChIP-Seq(GSE20478)/Homer","NWGGGTGTGGCY","1e0","-4.526e-01","1.0000","4.0","0.92","493.7","1.00","0.92","-0.0362121726544447","0","35","KLF1"
"OCT4-SOX2-TCF-NANOG(POU Homeobox HMG)/mES-Oct4-ChIP-Seq(GSE11431)/Homer","ATTTGCATAACAATG","1e0","-4.519e-01","1.0000","12.0","2.75","1453.3","2.95","0.932203389830508","-0.0304893221479004","0","93","OCT4-SOX2-TCF-NANOG"
"Myf5(bHLH)/GM-Myf5-ChIP-Seq(GSE24852)/Homer","BAACAGCTGT","1e0","-4.460e-01","1.0000","23.0","5.26","2749.5","5.57","0.944344703770197","-0.0248694510199899","0","8","MYF5"
"ETS1(ETS)/Jurkat-ETS1-ChIP-Seq(GSE17954)/Homer","ACAGGAAGTG","1e0","-4.449e-01","1.0000","31.0","7.09","3681.5","7.46","0.950402144772118","-0.0220925922896023","0","24","ETS1"
"Hoxd12(Homeobox)/ChickenMSG-Hoxd12.Flag-ChIP-Seq(GSE86088)/Homer","HDGYAATGAAAN","1e0","-4.409e-01","1.0000","110.0","25.17","12750.8","25.84","0.974071207430341","-0.0114092937746837","0","32","HOXD12"
"CArG(MADS)/PUER-Srf-ChIP-Seq(Sullivan_et_al.)/Homer","CCATATATGGNM","1e0","-4.362e-01","1.0000","11.0","2.52","1345.1","2.73","0.923076923076923","-0.0347621062592119","0","98","SRF"
"NRF(NRF)/Promoter/Homer","STGCGCATGCGC","1e0","-4.336e-01","1.0000","6.0","1.37","746.9","1.51","0.907284768211921","-0.0422563801367626","0","7","NRF1"
"ISRE(IRF)/ThioMac-LPS-Expression(GSE23622)/Homer","AGTTTCASTTTC","1e0","-4.236e-01","1.0000","3.0","0.69","380.8","0.77","0.896103896103896","-0.0476416344352266","0","53","ISRE(STAT1/STAT2/IRF9)"
"GRE(NR) IR3/RAW264.7-GRE-ChIP-Seq(Unpublished)/Homer","VAGRACAKWCTGTYC","1e0","-4.215e-01","1.0000","7.0","1.60","874.3","1.77","0.903954802259887","-0.0438532837058818","0","78","GRE(NR)"
"CHR(?)/Hela-CellCycle-Expression/Homer","SRGTTTCAAA","1e0","-4.088e-01","1.0000","31.0","7.09","3721.4","7.54","0.940318302387268","-0.0267251106867075","0","150","CHR"
"E2F1(E2F)/Hela-E2F1-ChIP-Seq(GSE22478)/Homer","CWGGCGGGAA","1e0","-4.087e-01","1.0000","5.0","1.14","636.4","1.29","0.883720930232558","-0.0536848589627763","0","5","E2F1"
"ELF5(ETS)/T47D-ELF5-ChIP-Seq(GSE30407)/Homer","ACVAGGAAGT","1e0","-3.985e-01","1.0000","21.0","4.81","2560.1","5.19","0.926782273603083","-0.0330222814746261","0","24","ELF5"
"DUX4(Homeobox)/Myoblasts-DUX4.V5-ChIP-Seq(GSE75791)/Homer","NWTAAYCYAATCAWN","1e0","-3.979e-01","1.0000","3.0","0.69","390.5","0.79","0.873417721518987","-0.0587780005531862","0","26","DUX4"
"NFAT:AP1(RHD bZIP)/Jurkat-NFATC1-ChIP-Seq(Jolma_et_al.)/Homer","SARTGGAAAAWRTGAGTCAB","1e0","-3.968e-01","1.0000","5.0","1.14","642.0","1.30","0.876923076923077","-0.0570385009703641","0","17","NFAT_AP1_complex"
"RXR(NR) DR1/3T3L1-RXR-ChIP-Seq(GSE13511)/Homer","TAGGGCAAAGGTCA","1e0","-3.952e-01","1.0000","25.0","5.72","3034.5","6.15","0.930081300813008","-0.0314790869823926","0","22","RXRA(NR)"
"IRF4(IRF)/GM12878-IRF4-ChIP-Seq(GSE32465)/Homer","ACTGAAACCA","1e0","-3.938e-01","1.0000","18.0","4.12","2210.2","4.48","0.919642857142857","-0.0363807979650094","0","169","IRF4"
"ZNF189(Zf)/HEK293-ZNF189.GFP-ChIP-Seq(GSE58341)/Homer","TGGAACAGMA","1e0","-3.912e-01","1.0000","23.0","5.26","2803.9","5.68","0.926056338028169","-0.0333625915572798","0","108","ZNF189"
"AMYB(HTH)/Testes-AMYB-ChIP-Seq(GSE44588)/Homer","TGGCAGTTGG","1e0","-3.888e-01","1.0000","77.0","17.62","9068.5","18.38","0.958650707290533","-0.0183396029740633","0","21","MYBL1"
"MYB(HTH)/ERMYB-Myb-ChIPSeq(GSE22095)/Homer","GGCVGTTR","1e0","-3.824e-01","1.0000","94.0","21.51","11030.5","22.36","0.961985688729875","-0.0168313888269231","0","21","MYB"
"NFIL3(bZIP)/HepG2-NFIL3-ChIP-Seq(Encode)/Homer","VTTACGTAAYNNNNN","1e0","-3.821e-01","1.0000","40.0","9.15","4803.1","9.74","0.939425051334702","-0.0271378628121673","0","127","NFIL3"
"TFE3(bHLH)/MEF-TFE3-ChIP-Seq(GSE75757)/Homer","GTCACGTGACYV","1e0","-3.821e-01","1.0000","4.0","0.92","524.3","1.06","0.867924528301887","-0.061518037919215","0","13","TFE3"
"KLF10(Zf)/HEK293-KLF10.GFP-ChIP-Seq(GSE58341)/Homer","GGGGGTGTGTCC","1e0","-3.784e-01","1.0000","31.0","7.09","3757.8","7.62","0.930446194225722","-0.031308736156534","0","70","KLF10"
"ELF3(ETS)/PDAC-ELF3-ChIP-Seq(GSE64557)/Homer","ANCAGGAAGT","1e0","-3.743e-01","1.0000","20.0","4.58","2466.1","5.00","0.916","-0.0381045263321496","0","24","ELF3"
"Fli1(ETS)/CD8-FLI-ChIP-Seq(GSE20898)/Homer","NRYTTCCGGH","1e0","-3.710e-01","1.0000","38.0","8.70","4585.9","9.30","0.935483870967742","-0.0289636959353167","0","24","FLI1"
"GLI3(Zf)/Limb-GLI3-ChIP-Chip(GSE11077)/Homer","CGTGGGTGGTCC","1e0","-3.703e-01","1.0000","2.0","0.46","270.2","0.55","0.836363636363636","-0.0776048578126698","0","2","GIL3"
"PSE(SNAPc)/K562-mStart-Seq/Homer","WAVTCACCMTAASYDAAAAG","1e0","-3.680e-01","1.0000","24.0","5.49","2946.2","5.97","0.919597989949749","-0.0364019866792771","0","126","PSE"
"GATA3(Zf) DR4/iTreg-Gata3-ChIP-Seq(GSE20898)/Homer","AGATGKDGAGATAAG","1e0","-3.657e-01","1.0000","4.0","0.92","532.4","1.08","0.851851851851852","-0.0696359281413944","0","144","GATA3"
"CEBP(bZIP)/ThioMac-CEBPb-ChIP-Seq(GSE21512)/Homer","ATTGCGCAAC","1e0","-3.614e-01","1.0000","34.0","7.78","4130.7","8.37","0.929510155316607","-0.031745861003571","0","165","CEBPB"
"Mef2b(MADS)/HEK293-Mef2b.V5-ChIP-Seq(GSE67450)/Homer","GCTATTTTTGGM","1e0","-3.583e-01","1.0000","40.0","9.15","4836.3","9.80","0.933673469387755","-0.0298049816260466","0","45","MEF2B"
"Srebp2(bHLH)/HepG2-Srebp2-ChIP-Seq(GSE31477)/Homer","CGGTCACSCCAC","1e0","-3.576e-01","1.0000","3.0","0.69","407.5","0.83","0.831325301204819","-0.0802290016388186","0","68","SREBF2"
"IRF2(IRF)/Erythroblas-IRF2-ChIP-Seq(GSE36985)/Homer","GAAASYGAAASY","1e0","-3.541e-01","1.0000","5.0","1.14","665.9","1.35","0.844444444444444","-0.0734289171585335","0","53","IRF2"
"GRHL2(CP2)/HBE-GRHL2-ChIP-Seq(GSE46194)/Homer","AAACYKGTTWDACMRGTTTB","1e0","-3.522e-01","1.0000","16.0","3.66","2012.0","4.08","0.897058823529412","-0.0471790776954693","0","167","GRHL2"
"Fra2(bZIP)/Striatum-Fra2-ChIP-Seq(GSE43429)/Homer","GGATGACTCATC","1e0","-3.517e-01","1.0000","14.0","3.20","1771.8","3.59","0.891364902506964","-0.0499444702584131","0","17","FOSL2"
"ZBTB12(Zf)/HEK293-ZBTB12.GFP-ChIP-Seq(GSE58341)/Homer","NGNTCTAGAACCNGV","1e0","-3.514e-01","1.0000","7.0","1.60","917.3","1.86","0.860215053763441","-0.0653929615619915","0","148","ZBTB12"
"Mouse_Recombination_Hotspot(Zf)/Testis-DMC1-ChIP-Seq(GSE24438)/Homer","ACTYKNATTCGTGNTACTTC","1e0","-3.511e-01","1.0000","2.0","0.46","277.1","0.56","0.821428571428571","-0.0854301953246264","0","173","DMC1"
"FoxD3(forkhead)/ZebrafishEmbryo-Foxd3.biotin-ChIP-seq(GSE106676)/Homer","TGTTTAYTTAGC","1e0","-3.474e-01","1.0000","55.0","12.59","6599.1","13.38","0.940956651718983","-0.0264303833239418","0","30","FOXD3"
"E2A(bHLH)/proBcell-E2A-ChIP-Seq(GSE21978)/Homer","DNRCAGCTGY","1e0","-3.434e-01","1.0000","44.0","10.07","5325.1","10.79","0.933271547729379","-0.0299919741292926","0","8","TCF3"
"Rfx1(HTH)/NPC-H3K4me1-ChIP-Seq(GSE16256)/Homer","KGTTGCCATGGCAA","1e0","-3.420e-01","1.0000","5.0","1.14","672.8","1.36","0.838235294117647","-0.0766340570337448","0","34","RFX1"
"Hoxa10(Homeobox)/ChickenMSG-Hoxa10.Flag-ChIP-Seq(GSE86088)/Homer","GGYAATGAAA","1e0","-3.378e-01","1.0000","26.0","5.95","3218.5","6.52","0.912576687116564","-0.0397306300033706","0","32","HOXA10"
"Hnf6b(Homeobox)/LNCaP-Hnf6b-ChIP-Seq(GSE106305)/Homer","TATTGAYY","1e0","-3.334e-01","1.0000","57.0","13.04","6855.4","13.90","0.938129496402878","-0.0277372088581937","0","160","ONECUT2"
"ZNF652/HepG2-ZNF652.Flag-ChIP-Seq(Encode)/Homer","TTAACCCTTTVNKKN","1e0","-3.257e-01","1.0000","10.0","2.29","1307.4","2.65","0.864150943396226","-0.0634103915969198","0","109","ZNF652"
"SPDEF(ETS)/VCaP-SPDEF-ChIP-Seq(SRA014231)/Homer","ASWTCCTGBT","1e0","-3.243e-01","1.0000","30.0","6.86","3709.6","7.52","0.912234042553192","-0.0398937248848905","0","47","SPDEF"
"Ap4(bHLH)/AML-Tfap4-ChIP-Seq(GSE45738)/Homer","NAHCAGCTGD","1e0","-3.200e-01","1.0000","46.0","10.53","5596.9","11.34","0.928571428571428","-0.0321846833714013","0","8","TFAP4"
"X-box(HTH)/NPC-H3K4me1-ChIP-Seq(GSE16256)/Homer","GGTTGCCATGGCAA","1e0","-3.194e-01","1.0000","3.0","0.69","425.6","0.86","0.802325581395349","-0.0956493605063124","0","32","RFX2"
"Pax7(Paired Homeobox) longest/Myoblast-Pax7-ChIP-Seq(GSE25064)/Homer","NTAATTDGCYAATTANNWWD","1e0","-3.182e-01","1.0000","2.0","0.46","291.0","0.59","0.779661016949153","-0.10809417996057","0","44","PAX7"
"Cux2(Homeobox)/Liver-Cux2-ChIP-Seq(GSE35985)/Homer","HNRAATCAAT","1e0","-3.160e-01","1.0000","29.0","6.64","3602.0","7.30","0.90958904109589","-0.0411547807524384","0","58","CUX2"
"NFE2L2(bZIP)/HepG2-NFE2L2-ChIP-Seq(Encode)/Homer","AWWWTGCTGAGTCAT","1e0","-3.134e-01","1.0000","1.0","0.23","149.0","0.30","0.766666666666667","-0.11539341870207","0","17","NFE2L2"
"Nkx2.5(Homeobox)/HL1-Nkx2.5.biotin-ChIP-Seq(GSE21529)/Homer","RRSCACTYAA","1e0","-3.067e-01","1.0000","88.0","20.14","10494.8","21.27","0.946873530794546","-0.0237080236851297","0","11","NKX2-5"
"bZIP:IRF(bZIP IRF)/Th17-BatF-ChIP-Seq(GSE39756)/Homer","NAGTTTCABTHTGACTNW","1e0","-3.038e-01","1.0000","21.0","4.81","2664.9","5.40","0.890740740740741","-0.0502486834491367","0","24","IRF4"
"Brachyury(T-box)/Mesoendoderm-Brachyury-ChIP-exo(GSE54963)/Homer","ANTTMRCASBNNNGTGYKAAN","1e0","-3.030e-01","1.0000","13.0","2.97","1696.2","3.44","0.863372093023256","-0.0638019932543178","0","41","TBXT"
"COUP-TFII(NR)/K562-NR2F1-ChIP-Seq(Encode)/Homer","GKBCARAGGTCA","1e0","-3.010e-01","1.0000","43.0","9.84","5276.6","10.69","0.920486435921422","-0.0359826067774365","0","60","NR2F2(NR)"
"Oct4:Sox17(POU Homeobox HMG)/F9-Sox17-ChIP-Seq(GSE44553)/Homer","CCATTGTATGCAAAT","1e0","-3.009e-01","1.0000","6.0","1.37","826.1","1.67","0.820359281437126","-0.0859959039911764","0","76","OCT4_SOX17"
"TCFL2(HMG)/K562-TCF7L2-ChIP-Seq(GSE29196)/Homer","ACWTCAAAGG","1e0","-2.996e-01","1.0000","2.0","0.46","298.1","0.60","0.766666666666667","-0.11539341870207","0","91","TCFL2"
"EBF1(EBF)/Near-E2A-ChIP-Seq(GSE21512)/Homer","GTCCCCWGGGGA","1e0","-2.951e-01","1.0000","13.0","2.97","1704.8","3.46","0.858381502890173","-0.0663196494755643","0","118","EBF1"
"Nkx2.2(Homeobox)/NPC-Nkx2.2-ChIP-Seq(GSE61673)/Homer","BTBRAGTGSN","1e0","-2.949e-01","1.0000","77.0","17.62","9249.6","18.75","0.939733333333333","-0.0269953679877085","0","11","NKX2-2"
"COUP-TFII(NR)/Artia-Nr2f2-ChIP-Seq(GSE46497)/Homer","AGRGGTCA","1e0","-2.938e-01","1.0000","55.0","12.59","6694.1","13.57","0.927781871775976","-0.0325541175518745","0","60","NR2F2(NR)"
"Bach1(bZIP)/K562-Bach1-ChIP-Seq(GSE31477)/Homer","AWWNTGCTGAGTCAT","1e0","-2.914e-01","1.0000","1.0","0.23","155.4","0.31","0.741935483870968","-0.12963385781668","0","17","BACH1"
"Atf1(bZIP)/K562-ATF1-ChIP-Seq(GSE31477)/Homer","GATGACGTCA","1e0","-2.914e-01","1.0000","33.0","7.55","4112.2","8.33","0.906362545018007","-0.0426980497775994","0","97","ATF1"
"PAX5(Paired Homeobox) condensed/GM12878-PAX5-ChIP-Seq(GSE32465)/Homer","GTCACGCTCSCTGM","1e0","-2.907e-01","1.0000","2.0","0.46","302.1","0.61","0.754098360655738","-0.122572003329193","0","32","PAX5"
"ZNF7(Zf)/HepG2-ZNF7.Flag-ChIP-Seq(Encode)/Homer","CTGCCWVCTTTTRTA","1e0","-2.897e-01","1.0000","22.0","5.03","2802.8","5.68","0.88556338028169","-0.0527803506550914","0","16","ZNF7"
"HEB(bHLH)/mES-Heb-ChIP-Seq(GSE53233)/Homer","VCAGCTGBNN","1e0","-2.851e-01","1.0000","59.0","13.50","7178.3","14.55","0.927835051546392","-0.03252922482692","0","8","TCF12"
"Mef2c(MADS)/GM12878-Mef2c-ChIP-Seq(GSE32465)/Homer","DCYAAAAATAGM","1e0","-2.846e-01","1.0000","23.0","5.26","2929.3","5.94","0.885521885521886","-0.0528007008274544","0","45","MEF2C"
"ZNF165(Zf)/WHIM12-ZNF165-ChIP-Seq(GSE65937)/Homer","AAGGKGRCGCAGGCA","1e0","-2.826e-01","1.0000","1.0","0.23","158.3","0.32","0.71875","-0.143422142302313","0","98","ZNF165"
"CEBP:CEBP(bZIP)/MEF-Chop-ChIP-Seq(GSE35681)/Homer","NTNATGCAAYMNNHTGMAAY","1e0","-2.813e-01","1.0000","5.0","1.14","711.6","1.44","0.791666666666667","-0.101457640758777","0","102","CEBP_CEBP"
"Chop(bZIP)/MEF-Chop-ChIP-Seq(GSE35681)/Homer","ATTGCATCAT","1e0","-2.767e-01","1.0000","10.0","2.29","1351.7","2.74","0.835766423357664","-0.0779150804805","0","141","DDIT3"
"EHF(ETS)/LoVo-EHF-ChIP-Seq(GSE49402)/Homer","AVCAGGAAGT","1e0","-2.718e-01","1.0000","37.0","8.47","4618.3","9.36","0.90491452991453","-0.0433924384073983","0","48","EHF"
"HNF1b(Homeobox)/PDAC-HNF1B-ChIP-Seq(GSE64557)/Homer","GTTAATNATTAA","1e0","-2.670e-01","1.0000","12.0","2.75","1610.4","3.26","0.843558282208589","-0.0738849062376763","0","123","HNF1B"
"Pknox1(Homeobox)/ES-Prep1-ChIP-Seq(GSE63282)/Homer","SCTGTCAVTCAV","1e0","-2.660e-01","1.0000","8.0","1.83","1109.4","2.25","0.813333333333333","-0.089731428380933","0","120","PKNOX1"
"ZNF136(Zf)/HEK293-ZNF136.GFP-ChIP-Seq(GSE58341)/Homer","YTKGATAHAGTATTCTWGGTNGGCA","1e0","-2.637e-01","1.0000","2.0","0.46","315.1","0.64","0.71875","-0.143422142302313","0","168","ZNF136"
"PRDM15(Zf)/ESC-Prdm15-ChIP-Seq(GSE73694)/Homer","YCCDNTCCAGGTTTT","1e0","-2.604e-01","1.0000","30.0","6.86","3804.6","7.71","0.889753566796368","-0.0507302623442053","0","125","PRDM15"
"PPARE(NR) DR1/3T3L1-Pparg-ChIP-Seq(GSE13511)/Homer","TGACCTTTGCCCCA","1e0","-2.568e-01","1.0000","21.0","4.81","2726.4","5.53","0.869801084990958","-0.0605800549308665","0","22","PPARG(NR)"
"NF1(CTF)/LNCAP-NF1-ChIP-Seq(Unpublished)/Homer","CYTGGCABNSTGCCAR","1e0","-2.503e-01","1.0000","5.0","1.14","734.5","1.49","0.76510067114094","-0.116281417075801","0","132","NFIB"
"CRX(Homeobox)/Retina-Crx-ChIP-Seq(GSE20012)/Homer","GCTAATCC","1e0","-2.401e-01","1.0000","104.0","23.80","12504.1","25.34","0.939226519337017","-0.0272296534909106","0","37","CRX"
"bHLHE41(bHLH)/proB-Bhlhe41-ChIP-Seq(GSE93764)/Homer","KCACGTGMCN","1e0","-2.394e-01","1.0000","42.0","9.61","5271.8","10.69","0.898971000935454","-0.0462543175402327","0","13","bHLHE41"
"Six1(Homeobox)/Myoblast-Six1-ChIP-Chip(GSE20150)/Homer","GKVTCADRTTWC","1e0","-2.366e-01","1.0000","8.0","1.83","1137.1","2.30","0.795652173913044","-0.0992767462871634","0","65","SIX1"
"Elk1(ETS)/Hela-Elk1-ChIP-Seq(GSE31477)/Homer","HACTTCCGGY","1e0","-2.334e-01","1.0000","18.0","4.12","2393.7","4.85","0.849484536082474","-0.070844522569129","0","24","ELK1"
"USF1(bHLH)/GM12878-Usf1-ChIP-Seq(GSE32465)/Homer","SGTCACGTGR","1e0","-2.331e-01","1.0000","13.0","2.97","1774.7","3.60","0.825","-0.0835460514500749","0","13","USF1"
"Usf2(bHLH)/C2C12-Usf2-ChIP-Seq(GSE36030)/Homer","GTCACGTGGT","1e0","-2.315e-01","1.0000","10.0","2.29","1398.0","2.83","0.809187279151943","-0.0919509531844022","0","99","USF2"
"GATA(Zf) IR4/iTreg-Gata3-ChIP-Seq(GSE20898)/Homer","NAGATWNBNATCTNN","1e0","-2.253e-01","1.0000","2.0","0.46","336.2","0.68","0.676470588235294","-0.169751081024662","0","135","GATA3"
"RFX(HTH)/K562-RFX3-ChIP-Seq(SRA012198)/Homer","CGGTTGCCATGGCAAC","1e0","-2.253e-01","1.0000","2.0","0.46","336.1","0.68","0.676470588235294","-0.169751081024662","0","34","RFX3"
"ETS(ETS)/Promoter/Homer","AACCGGAAGT","1e0","-2.081e-01","1.0000","9.0","2.06","1297.5","2.63","0.783269961977186","-0.106088528120604","0","24","ETS1"
"Sp2(Zf)/HEK293-Sp2.eGFP-ChIP-Seq(Encode)/Homer","YGGCCCCGCCCC","1e0","-2.072e-01","1.0000","31.0","7.09","4020.2","8.15","0.869938650306748","-0.0605113735569101","0","35","SP2"
"SpiB(ETS)/OCILY3-SPIB-ChIP-Seq(GSE56857)/Homer","AAAGRGGAAGTG","1e0","-2.043e-01","1.0000","6.0","1.37","908.6","1.84","0.744565217391304","-0.12809725585313","0","56","SPIB"
"Rbpj1(?)/Panc1-Rbpj1-ChIP-Seq(GSE47459)/Homer","HTTTCCCASG","1e0","-2.042e-01","1.0000","38.0","8.70","4869.0","9.87","0.881458966565349","-0.0547979000510182","0","113","RBPJ"
"CLOCK(bHLH)/Liver-Clock-ChIP-Seq(GSE39860)/Homer","GHCACGTG","1e0","-2.027e-01","1.0000","16.0","3.66","2191.6","4.44","0.824324324324324","-0.0839018847202092","0","13","CLOCK"
"Rfx2(HTH)/LoVo-RFX2-ChIP-Seq(GSE49402)/Homer","GTTGCCATGGCAACM","1e0","-2.014e-01","1.0000","2.0","0.46","351.1","0.71","0.647887323943662","-0.188500517037501","0","33","RFX2"
"SCRT1(Zf)/HEK293-SCRT1.eGFP-ChIP-Seq(Encode)/Homer","GCAACAGGTG","1e0","-1.958e-01","1.0000","9.0","2.06","1312.6","2.66","0.774436090225564","-0.111014416261914","0","110","SCRT1"
"ZNF416(Zf)/HEK293-ZNF416.GFP-ChIP-Seq(GSE58341)/Homer","WDNCTGGGCA","1e0","-1.929e-01","1.0000","23.0","5.26","3074.6","6.23","0.84430176565008","-0.0735023025054306","0","41","ZNF416"
"JunD(bZIP)/K562-JunD-ChIP-Seq/Homer","ATGACGTCATCN","1e0","-1.924e-01","1.0000","4.0","0.92","647.6","1.31","0.702290076335878","-0.153483468310209","0","98","JUND"
"TRPS1(Zf)/MCF7-TRPS1-ChIP-Seq(GSE107013)/Homer","AGATAAGANN","1e0","-1.917e-01","1.0000","85.0","19.45","10444.7","21.17","0.918752952290978","-0.0368012523576855","0","31","TRPS1"
"LEF1(HMG)/H1-LEF1-ChIP-Seq(GSE64758)/Homer","CCTTTGATST","1e0","-1.913e-01","1.0000","23.0","5.26","3077.2","6.24","0.842948717948718","-0.074198845528685","0","92","LEF1"
"p53(p53)/Saos-p53-ChIP-Seq/Homer","RRCATGYCYRGRCATGYYYN","1e0","-1.897e-01","1.0000","2.0","0.46","359.8","0.73","0.63013698630137","-0.200565028438882","0","1","TP53"
"p53(p53)/Saos-p53-ChIP-Seq(GSE15780)/Homer","RRCATGYCYRGRCATGYYYN","1e0","-1.897e-01","1.0000","2.0","0.46","359.8","0.73","0.63013698630137","-0.200565028438882","0","1","TP53"
"Tcf12(bHLH)/GM12878-Tcf12-ChIP-Seq(GSE32465)/Homer","VCAGCTGYTG","1e0","-1.866e-01","1.0000","28.0","6.41","3698.8","7.50","0.854666666666667","-0.0682032338728826","0","8","TCF12"
"MyoG(bHLH)/C2C12-MyoG-ChIP-Seq(GSE36024)/Homer","AACAGCTG","1e0","-1.857e-01","1.0000","32.0","7.32","4186.3","8.49","0.862190812720848","-0.0643966091855608","0","8","MYOG"
"E-box(bHLH)/Promoter/Homer","SSGGTCACGTGA","1e0","-1.747e-01","1.0000","2.0","0.46","370.3","0.75","0.613333333333333","-0.212303431710126","0","13","EBOX_promoter"
"Stat3+il21(Stat)/CD4-Stat3-ChIP-Seq(GSE19198)/Homer","SVYTTCCNGGAARB","1e0","-1.735e-01","1.0000","14.0","3.20","1986.1","4.03","0.794044665012407","-0.100155067821203","0","23","STAT3"
"EWS:FLI1-fusion(ETS)/SK_N_MC-EWS:FLI1-ChIP-Seq(SRA014231)/Homer","VACAGGAAAT","1e0","-1.723e-01","1.0000","14.0","3.20","1988.3","4.03","0.794044665012407","-0.100155067821203","0","24","EWSR1_FLI1_fusion"
"PPARa(NR) DR1/Liver-Ppara-ChIP-Seq(GSE47954)/Homer","VNAGGKCAAAGGTCA","1e0","-1.698e-01","1.0000","24.0","5.49","3243.2","6.57","0.835616438356164","-0.0779930251096889","0","22","PPARA(NR)"
"c-Myc(bHLH)/mES-cMyc-ChIP-Seq(GSE11431)/Homer","VVCCACGTGG","1e0","-1.661e-01","1.0000","10.0","2.29","1483.9","3.01","0.760797342192691","-0.118731013253955","0","13","MYC"
"MNT(bHLH)/HepG2-MNT-ChIP-Seq(Encode)/Homer","DGCACACGTG","1e0","-1.661e-01","1.0000","36.0","8.24","4717.4","9.56","0.861924686192469","-0.0645306805789843","0","144","MNT"
"c-Jun-CRE(bZIP)/K562-cJun-ChIP-Seq(GSE31477)/Homer","ATGACGTCATCY","1e0","-1.622e-01","1.0000","10.0","2.29","1489.9","3.02","0.758278145695364","-0.120171460617263","0","96","JUN"
"Atf2(bZIP)/3T3L1-Atf2-ChIP-Seq(GSE56872)/Homer","NRRTGACGTCAT","1e0","-1.614e-01","1.0000","12.0","2.75","1750.2","3.55","0.774647887323944","-0.110895659224831","0","96","ATF2"
"MafK(bZIP)/C2C12-MafK-ChIP-Seq(GSE36030)/Homer","GCTGASTCAGCA","1e0","-1.610e-01","1.0000","3.0","0.69","533.2","1.08","0.638888888888889","-0.194574664749694","0","17","MAFK"
"Unknown-ESC-element(?)/mES-Nanog-ChIP-Seq(GSE11724)/Homer","CACAGCAGGGGG","1e0","-1.604e-01","1.0000","19.0","4.35","2641.1","5.35","0.813084112149533","-0.0898645250665911","0","12","Novel_ESC_element"
"Rfx6(HTH)/Min6b1-Rfx6.HA-ChIP-Seq(GSE62844)/Homer","TGTTKCCTAGCAACM","1e0","-1.560e-01","1.0000","19.0","4.35","2650.4","5.37","0.810055865921788","-0.0914850287449183","0","46","RFX6"
"Etv2(ETS)/ES-ER71-ChIP-Seq(GSE59402)/Homer","NNAYTTCCTGHN","1e0","-1.557e-01","1.0000","21.0","4.81","2901.0","5.88","0.818027210884354","-0.0872322497023067","0","24","ETV2"
"MafF(bZIP)/HepG2-MafF-ChIP-Seq(GSE31477)/Homer","HWWGTCAGCAWWTTT","1e0","-1.555e-01","1.0000","12.0","2.75","1760.3","3.57","0.7703081232493","-0.113335522281931","0","86","MAFF"
"Tcf21(bHLH)/ArterySmoothMuscle-Tcf21-ChIP-Seq(GSE61369)/Homer","NAACAGCTGG","1e0","-1.474e-01","1.0000","29.0","6.64","3911.6","7.93","0.837326607818411","-0.0771051079495863","0","8","TCF21"
"Atf7(bZIP)/3T3L1-Atf7-ChIP-Seq(GSE56872)/Homer","NGRTGACGTCAY","1e0","-1.470e-01","1.0000","18.0","4.12","2543.5","5.16","0.798449612403101","-0.0977524855940768","0","98","ATF7"
"E2F6(E2F)/Hela-E2F6-ChIP-Seq(GSE31477)/Homer","GGCGGGAARN","1e0","-1.448e-01","1.0000","8.0","1.83","1251.7","2.54","0.720472440944882","-0.142382626889509","0","5","E2F6"
"Tcf7(HMG)/GM12878-TCF7-ChIP-Seq(Encode)/Homer","CTTTGATGTGSB","1e0","-1.443e-01","1.0000","10.0","2.29","1518.1","3.08","0.743506493506493","-0.128715234160556","0","93","TCF7"
"PU.1:IRF8(ETS:IRF)/pDC-Irf8-ChIP-Seq(GSE66899)/Homer","GGAAGTGAAAST","1e0","-1.436e-01","1.0000","4.0","0.92","698.1","1.42","0.647887323943662","-0.188500517037501","0","52","IRF8"
"Rfx5(HTH)/GM12878-Rfx5-ChIP-Seq(GSE31477)/Homer","SCCTAGCAACAG","1e0","-1.348e-01","1.0000","6.0","1.37","993.6","2.01","0.681592039800995","-0.166475490264082","0","46","RFX5"
"GATA(Zf) IR3/iTreg-Gata3-ChIP-Seq(GSE20898)/Homer","NNNNNBAGATAWYATCTVHN","1e0","-1.324e-01","1.0000","4.0","0.92","712.8","1.44","0.638888888888889","-0.194574664749694","0","38","GATA3"
"ZNF415(Zf)/HEK293-ZNF415.GFP-ChIP-Seq(GSE58341)/Homer","GRTGMTRGAGCC","1e0","-1.315e-01","1.0000","13.0","2.97","1935.5","3.92","0.75765306122449","-0.120529617703245","0","145","ZNF415"
"Tcfcp2l1(CP2)/mES-Tcfcp2l1-ChIP-Seq(GSE11431)/Homer","NRAACCRGTTYRAACCRGYT","1e0","-1.261e-01","1.0000","3.0","0.69","571.3","1.16","0.594827586206897","-0.225608898489663","0","1","TFCP2L1"
"DMRT1(DM)/Testis-DMRT1-ChIP-Seq(GSE64892)/Homer","TWGHWACAWTGTWDC","1e0","-1.209e-01","1.0000","7.0","1.60","1154.5","2.34","0.683760683760684","-0.165095874754218","0","134","DMRT1"
"Tbx21(T-box)/GM12878-TBX21-ChIP-Seq(Encode)/Homer","AGGTGTGAAA","1e0","-1.203e-01","1.0000","41.0","9.38","5460.1","11.07","0.847335140018067","-0.0719447824996583","0","41","TBX21"
"PRDM1(Zf)/Hela-PRDM1-ChIP-Seq(GSE31477)/Homer","ACTTTCACTTTC","1e0","-1.144e-01","1.0000","18.0","4.12","2620.4","5.31","0.775894538606403","-0.110197305048334","0","122","PRDM1"
"EBF2(EBF)/BrownAdipose-EBF2-ChIP-Seq(GSE97114)/Homer","NABTCCCWDGGGAVH","1e0","-1.134e-01","1.0000","12.0","2.75","1843.4","3.74","0.735294117647059","-0.133538908370218","0","90","EBF2"
"STAT6(Stat)/Macrophage-Stat6-ChIP-Seq(GSE38377)/Homer","TTCCKNAGAA","1e0","-1.095e-01","1.0000","12.0","2.75","1852.3","3.75","0.733333333333333","-0.134698573897456","0","111","STAT6"
"Prop1(Homeobox)/GHFT1-PROP1.biotin-ChIP-Seq(GSE77302)/Homer","NTAATBNAATTA","1e0","-1.072e-01","1.0000","43.0","9.84","5752.6","11.66","0.843910806174957","-0.0737034519916538","0","58","PROP1"
"Elf4(ETS)/BMDM-Elf4-ChIP-Seq(GSE88699)/Homer","ACTTCCKGKT","1e0","-1.062e-01","1.0000","24.0","5.49","3406.9","6.91","0.794500723589001","-0.0999057029241065","0","24","ELF4"
"ERRg(NR)/Kidney-ESRRG-ChIP-Seq(GSE104905)/Homer","GTGACCTTGRVN","1e0","-1.046e-01","1.0000","21.0","4.81","3031.2","6.14","0.783387622149837","-0.106023294767336","0","155","ERRG(NR)"
"HRE(HSF)/Striatum-HSF1-ChIP-Seq(GSE38000)/Homer","TTCTAGAABNTTCTA","1e0","-1.044e-01","1.0000","3.0","0.69","600.4","1.22","0.565573770491803","-0.247510739937493","0","148","HRE"
"PBX1(Homeobox)/MCF7-PBX1-ChIP-Seq(GSE28007)/Homer","GSCTGTCACTCA","1e0","-1.005e-01","1.0000","2.0","0.46","444.8","0.90","0.511111111111111","-0.291484677757751","0","119","PBX1"
"Twist(bHLH)/HMLE-TWIST1-ChIP-Seq(Chang_et_al)/Homer","VCAKCTGGNNNCCAGMTGBN","1e0","-9.900e-02","1.0000","2.0","0.46","447.0","0.91","0.505494505494505","-0.29628356063952","0","8","TWIST1"
"ERE(NR) IR3/MCF7-ERa-ChIP-Seq(Unpublished)/Homer","VAGGTCACNSTGACC","1e0","-9.877e-02","1.0000","4.0","0.92","762.2","1.54","0.597402597402597","-0.223732893490908","0","18","ESR1(NR)"
"Elk4(ETS)/Hela-Elk4-ChIP-Seq(GSE31477)/Homer","NRYTTCCGGY","1e0","-9.813e-02","1.0000","18.0","4.12","2666.2","5.40","0.762962962962963","-0.117496543789834","0","24","ELK4"
"PR(NR)/T47D-PR-ChIP-Seq(GSE31130)/Homer","VAGRACAKNCTGTBC","1e0","-9.253e-02","1.0000","79.0","18.08","10141.3","20.56","0.879377431906615","-0.0558246841838936","0","80","PGR(NR)"
"NPAS(bHLH)/Liver-NPAS-ChIP-Seq(GSE39860)/Homer","NVCACGTG","1e0","-8.918e-02","1.0000","61.0","13.96","8011.5","16.24","0.859605911330049","-0.0657006066180142","0","13","NPAS2"
"Atf4(bZIP)/MEF-Atf4-ChIP-Seq(GSE35681)/Homer","MTGATGCAAT","1e0","-7.953e-02","1.0000","11.0","2.52","1797.5","3.64","0.692307692307692","-0.159700842867512","0","140","ATF4"
"EAR2(NR)/K562-NR2F6-ChIP-Seq(Encode)/Homer","NRBCARRGGTCA","1e0","-7.777e-02","1.0000","35.0","8.01","4894.9","9.92","0.807459677419355","-0.092879156069941","0","61","NR2F6(NR)"
"KLF6(Zf)/PDAC-KLF6-ChIP-Seq(GSE64557)/Homer","MKGGGYGTGGCC","1e0","-7.594e-02","1.0000","20.0","4.58","3001.9","6.08","0.753289473684211","-0.123038101268866","0","35","KLF6"
"Zic3(Zf)/mES-Zic3-ChIP-Seq(GSE37889)/Homer","GGCCYCCTGCTGDGH","1e0","-6.952e-02","1.0000","11.0","2.52","1829.6","3.71","0.679245283018868","-0.167973368833502","0","12","ZIC3"
"ZEB2(Zf)/SNU398-ZEB2-ChIP-Seq(GSE103048)/Homer","GNMCAGGTGTGC","1e0","-6.709e-02","1.0000","28.0","6.41","4066.9","8.24","0.777912621359223","-0.109069182178298","0","8","ZEB2"
"n-Myc(bHLH)/mES-nMyc-ChIP-Seq(GSE11431)/Homer","VRCCACGTGG","1e0","-6.189e-02","1.0000","15.0","3.43","2400.6","4.87","0.704312114989733","-0.152234841171864","0","13","MYCN"
"bHLHE40(bHLH)/HepG2-BHLHE40-ChIP-Seq(GSE31477)/Homer","KCACGTGMCN","1e0","-6.005e-02","1.0000","7.0","1.60","1297.9","2.63","0.608365019011407","-0.215835765833833","0","13","BHLHE40"
"HRE(HSF)/HepG2-HSF1-ChIP-Seq(GSE31477)/Homer","BSTTCTRGAABVTTCYAGAA","1e0","-5.728e-02","1.0000","1.0","0.23","325.5","0.66","0.348484848484849","-0.457816099524276","0","149","HSF1(HRE)"
"Esrrb(NR)/mES-Esrrb-ChIP-Seq(GSE11431)/Homer","KTGACCTTGA","1e0","-5.665e-02","1.0000","15.0","3.43","2423.2","4.91","0.69857433808554","-0.155787372080198","0","154","ESRRB(NR)"
"IRF8(IRF)/BMDM-IRF8-ChIP-Seq(GSE77884)/Homer","GRAASTGAAAST","1e0","-5.597e-02","1.0000","8.0","1.83","1456.9","2.95","0.620338983050847","-0.207370926247734","0","51","IRF8"
"E2A(bHLH) near_PU.1/Bcell-PU.1-ChIP-Seq(GSE21512)/Homer","NVCACCTGBN","1e0","-4.678e-02","1.0000","40.0","9.15","5705.7","11.56","0.791522491349481","-0.101536740018062","0","8","TCF3"
"IRF1(IRF)/PBMC-IRF1-ChIP-Seq(GSE43036)/Homer","GAAAGTGAAAGT","1e0","-4.254e-02","1.0000","3.0","0.69","735.5","1.49","0.463087248322148","-0.334337177675019","0","53","IRF1"
"PU.1(ETS)/ThioMac-PU.1-ChIP-Seq(GSE21512)/Homer","AGAGGAAGTG","1e0","-4.254e-02","1.0000","8.0","1.83","1512.0","3.06","0.598039215686274","-0.223270336751151","0","15","SPI1"
"ZEB1(Zf)/PDAC-ZEB1-ChIP-Seq(GSE64557)/Homer","VCAGGTRDRY","1e0","-4.197e-02","1.0000","52.0","11.90","7237.4","14.67","0.811179277436946","-0.0908831524507519","0","8","ZEB1"
"EWS:ERG-fusion(ETS)/CADO_ES1-EWS:ERG-ChIP-Seq(SRA014231)/Homer","ATTTCCTGTN","1e0","-3.944e-02","1.0000","15.0","3.43","2515.7","5.10","0.672549019607843","-0.172276056055166","0","24","EWSR1_ERG_fusion"
"BMAL1(bHLH)/Liver-Bmal1-ChIP-Seq(GSE39860)/Homer","GNCACGTG","1e0","-3.905e-02","1.0000","63.0","14.42","8615.4","17.46","0.825887743413517","-0.0830789789861407","0","13","ARNTL"
"OCT:OCT-short(POU Homeobox)/NPC-OCT6-ChIP-Seq(GSE43916)/Homer","ATGCATWATGCATRW","1e0","-3.395e-02","1.0000","37.0","8.47","5439.7","11.03","0.767905711695376","-0.114692102109484","0","35","OCT6(POU3F1)"
"Reverb(NR) DR2/RAW-Reverba.biotin-ChIP-Seq(GSE45914)/Homer","GTRGGTCASTGGGTCA","1e0","-3.344e-02","1.0000","1.0","0.23","384.2","0.78","0.294871794871795","-0.530366766672888","0","140","NR1D1(NR)"
"NPAS2(bHLH)/Liver-NPAS2-ChIP-Seq(GSE39860)/Homer","KCCACGTGAC","1e0","-3.157e-02","1.0000","28.0","6.41","4306.1","8.73","0.734249713631157","-0.134156214186752","0","101","NPAS2"
"Bcl6(Zf)/Liver-Bcl6-ChIP-Seq(GSE31578)/Homer","NNNCTTTCCAGGAAA","1e0","-2.397e-02","1.0000","24.0","5.49","3860.7","7.83","0.701149425287356","-0.154189417607851","0","23","BCL6"
"Max(bHLH)/K562-Max-ChIP-Seq(GSE31477)/Homer","RCCACGTGGYYN","1e0","-2.319e-02","1.0000","15.0","3.43","2644.1","5.36","0.639925373134328","-0.193870669649999","0","13","MAX"
"E2F4(E2F)/K562-E2F4-ChIP-Seq(GSE31477)/Homer","GGCGGGAAAH","1e0","-2.210e-02","1.0000","9.0","2.06","1791.2","3.63","0.567493112947658","-0.246039404666959","0","5","E2F4"
"c-Myc(bHLH)/LNCAP-cMyc-ChIP-Seq(Unpublished)/Homer","VCCACGTG","1e0","-2.177e-02","1.0000","9.0","2.06","1794.7","3.64","0.565934065934066","-0.247234163279903","0","13","MYC"
"DMRT6(DM)/Testis-DMRT6-ChIP-Seq(GSE60440)/Homer","YDGHTACAWTGTADC","1e0","-2.024e-02","1.0000","3.0","0.69","843.6","1.71","0.403508771929825","-0.394147019654899","0","133","Dmrtb1(mouse)"
"IRF3(IRF)/BMDM-Irf3-ChIP-Seq(GSE67343)/Homer","AGTTTCAKTTTC","1e0","-1.976e-02","1.0000","8.0","1.83","1662.1","3.37","0.543026706231454","-0.265178811140909","0","53","IRF3"
"Six2(Homeobox)/NephronProgenitor-Six2-ChIP-Seq(GSE39837)/Homer","GWAAYHTGAKMC","1e0","-1.414e-02","1.0000","34.0","7.78","5331.4","10.81","0.719703977798335","-0.142846096963621","0","63","SIX2"
"Srebp1a(bHLH)/HepG2-Srebp1a-ChIP-Seq(GSE31477)/Homer","RTCACSCCAY","1e0","-1.042e-02","1.0000","2.0","0.46","740.8","1.50","0.306666666666667","-0.513333427374107","0","67","SREBF1"
"Duxbl(Homeobox)/NIH3T3-Duxbl.HA-ChIP-Seq(GSE119782)/Homer","TAAYCYAATCAA","1e0","-6.900e-03","1.0000","1.0","0.23","559.4","1.13","0.20353982300885","-0.691350607465827","0","27","DUX4"
"ZNF341(Zf)/EBV-ZNF341-ChIP-Seq(GSE113194)/Homer","GGAACAGCCG","1e0","-4.383e-03","1.0000","11.0","2.52","2410.7","4.89","0.515337423312883","-0.287908318342076","0","146","ZNF341"
"LRF(Zf)/Erythroblasts-ZBTB7A-ChIP-Seq(GSE74977)/Homer","AAGACCCYYN","1e0","-1.594e-03","1.0000","19.0","4.35","3815.7","7.73","0.5627425614489","-0.249690236963688","0","127","ZBTB7A"
"HINFP(Zf)/K562-HINFP.eGFP-ChIP-Seq(Encode)/Homer","TWVGGTCCGC","1e0","-8.680e-04","1.0000","2.0","0.46","1050.0","2.13","0.215962441314554","-0.665621771757164","0","104","HINFP"
"MafB(bZIP)/BMM-Mafb-ChIP-Seq(GSE75722)/Homer","WNTGCTGASTCAGCANWTTY","1e0","-8.650e-04","1.0000","4.0","0.92","1479.0","3.00","0.306666666666667","-0.513333427374107","0","17","MAFB"
"ETS:RUNX(ETS Runt)/Jurkat-RUNX1-ChIP-Seq(GSE17954)/Homer","RCAGGATGTGGT","1e0","0.000e+00","1.0000","0.0","0.00","215.4","0.44","0","0","0","116","RUNX1"
"NF-E2(bZIP)/K562-NFE2-ChIP-Seq(GSE31477)/Homer","GATGACTCAGCA","1e0","0.000e+00","1.0000","0.0","0.00","147.3","0.30","0","0","0","17","NFE2"
"ZKSCAN1(Zf)/HepG2-ZKSCAN1-ChIP-Seq(Encode)/Homer","GCACAYAGTAGGKCY","1e0","0.000e+00","1.0000","0.0","0.00","86.6","0.18","0","0","0","123","ZKSCAN1"
"Nrf2(bZIP)/Lymphoblast-Nrf2-ChIP-Seq(GSE37589)/Homer","HTGCTGAGTCAT","1e0","0.000e+00","1.0000","0.0","0.00","124.0","0.25","0","0","0","17","NFE2L2"
"RAR:RXR(NR) DR5/ES-RAR-ChIP-Seq(GSE56893)/Homer","RGGTCADNNAGAGGTCAV","1e0","0.000e+00","1.0000","0.0","0.00","56.4","0.11","0","0","0","160","RAR_RXR(NR)"
"DUX(Homeobox)/C2C12-Dux-ChIP-Seq(GSE87279)/Homer","BCWGATTCAATCAAN","1e0","0.000e+00","1.0000","0.0","0.00","33.3","0.07","0","0","0","152","DUX4"
"T1ISRE(IRF)/ThioMac-Ifnb-Expression/Homer","ACTTTCGTTTCT","1e0","0.000e+00","1.0000","0.0","0.00","62.9","0.13","0","0","0","49","SRF(SRE)"
"ZNF41(Zf)/HEK293-ZNF41.GFP-ChIP-Seq(GSE58341)/Homer","CCTCATGGTGYCYTWYTCCCTTGTG","1e0","0.000e+00","1.0000","0.0","0.00","60.7","0.12","0","0","0","47","ZNF41"
"E2F(E2F)/Hela-CellCycle-Expression/Homer","TTSGCGCGAAAA","1e0","0.000e+00","1.0000","0.0","0.00","286.4","0.58","0","0","0","157","E2F"
"p53(p53)/mES-cMyc-ChIP-Seq(GSE11431)/Homer","ACATGCCCGGGCAT","1e0","0.000e+00","1.0000","0.0","0.00","25.9","0.05","0","0","0","1","TP53"
"ZNF528(Zf)/HEK293-ZNF528.GFP-ChIP-Seq(GSE58341)/Homer","AGAAATGACTTCCCT","1e0","0.000e+00","1.0000","0.0","0.00","5.5","0.01","0","0","0","62","ZNF528"
"ZNF669(Zf)/HEK293-ZNF669.GFP-ChIP-Seq(GSE58341)/Homer","GARTGGTCATCGCCC","1e0","0.000e+00","1.0000","0.0","0.00","275.4","0.56","0","0","0","74","ZNF669"
"EBNA1(EBV-virus)/Raji-EBNA1-ChIP-Seq(GSE30709)/Homer","GGYAGCAYDTGCTDCCCNNN","1e0","0.000e+00","1.0000","0.0","0.00","31.7","0.06","0","0","0","151","EBNA1(EBV-virus)"
"ZFP3(Zf)/HEK293-ZFP3.GFP-ChIP-Seq(GSE58341)/Homer","GGGTTTTGAAGGATGARTAGGAGTT","1e0","0.000e+00","1.0000","0.0","0.00","0.8","0.00","0","0","0","121","ZFP3"
